Date,temp,humidity
2013-01-01,25.564409549775316,76.95344292307077
2013-01-02,23.526098505178805,89.2000802873073
2013-01-03,23.80891357869789,66.5320039081698
2013-01-04,26.152896584123383,79.30953981671632
2013-01-05,23.15450680270265,90.96673766695366
2013-01-06,29.418815476297993,75.902545564632
2013-01-07,24.989392968327152,90.10453347041903
2013-01-08,25.910930790957455,73.53092694138887
2013-01-09,27.255643332767583,84.06512823416847
2013-01-10,27.974857473058353,82.5792091659109
2013-01-11,26.475751195245657,72.20413712859806
2013-01-12,30.287929799796593,78.79000502675187
2013-01-13,27.82659678906897,79.57913099581766
2013-01-14,27.42887526097254,84.25460863503156
2013-01-15,28.59886255830647,81.24134383365902
2013-01-16,28.78542314152235,86.06416472524037
2013-01-17,29.745142586350937,80.53877154815778
2013-01-18,26.917749726878853,82.19808090560161
2013-01-19,32.4245216374926,76.9972469720876
2013-01-20,24.917929969711473,82.46238756549242
2013-01-21,35.28558764414454,80.26224363857327
2013-01-22,31.445276071962322,80.91347215107419
2013-01-23,30.933952179353238,79.49291840055025
2013-01-24,31.36319459403787,74.10407567906336
2013-01-25,29.611834467402975,77.56373192143775
2013-01-26,32.268361869385146,84.99433747675643
2013-01-27,31.348071279675885,86.65848011112905
2013-01-28,30.050718135643812,65.96262576242808
2013-01-29,32.01692875197192,80.38653886616771
2013-01-30,29.860296641634,78.98691389252545
2013-01-31,31.53386248540575,78.44368398918074
2013-02-01,32.931058982793346,77.99743471002012
2013-02-02,32.33722176905887,73.8714151905303
2013-02-03,33.136147234227344,71.71246561914882
2013-02-04,31.415893036409027,74.67700451821477
2013-02-05,34.42128234883729,74.21868973986582
2013-02-06,36.41279327147506,71.0077496561866
2013-02-07,32.34456663943072,81.5202601407456
2013-02-08,31.84083148250583,75.42506426703434
2013-02-09,35.09856907708993,79.68887340214297
2013-02-10,36.07387495506303,75.5644460518585
2013-02-11,33.117359710450295,82.1205715480025
2013-02-12,34.381227385076194,85.0805780004881
2013-02-13,35.581842145265405,66.34962617782864
2013-02-14,32.68781776641754,73.49542742062934
2013-02-15,32.80753926129176,76.45497812087915
2013-02-16,35.148980777389205,68.27889132305478
2013-02-17,36.93111442274133,77.04746725857146
2013-02-18,35.005703402396584,70.77454588913571
2013-02-19,34.6018543013035,71.84346600257567
2013-02-20,34.344734717499264,83.06607815412039
2013-02-21,35.71860417632569,74.63261125065894
2013-02-22,34.70797516661938,77.390271107147
2013-02-23,37.05058637230729,73.55834405730945
2013-02-24,35.14017935277088,77.38302681560499
2013-02-25,36.917394933721056,82.92113377978598
2013-02-26,38.40164142284086,73.49188075702288
2013-02-27,39.32351124274086,73.85191224247667
2013-02-28,36.41719178071094,79.06703574079403
2013-03-01,37.787586557943186,69.8367842540807
2013-03-02,36.65339640775741,71.5492548946131
2013-03-03,37.359390469717475,69.73377931795423
2013-03-04,33.742436043174855,65.42862167803494
2013-03-05,39.47453755699575,69.34819355282255
2013-03-06,34.04747758859901,70.26743478271763
2013-03-07,37.7488309737727,66.05236899561919
2013-03-08,37.844282375815304,70.23701487279041
2013-03-09,39.37935171132413,69.23001429267309
2013-03-10,43.20201365491681,71.52187700695696
2013-03-11,35.02729677685112,66.5429827516016
2013-03-12,36.24569227949203,69.35109081165774
2013-03-13,35.56754419140102,63.843995257565055
2013-03-14,36.82710598112195,67.66505199179343
2013-03-15,40.581547383400036,70.3259264827194
2013-03-16,37.1184579107079,59.22035362794759
2013-03-17,36.519073913641826,72.79757655058354
2013-03-18,39.80575934283086,65.28249571445212
2013-03-19,38.30744027156917,62.40835242724424
2013-03-20,37.60521385001443,63.99260681588841
2013-03-21,40.45649110414942,74.15517894220436
2013-03-22,37.151899701490656,65.92202525533759
2013-03-23,43.188453039333034,61.439538304716194
2013-03-24,41.732212987838636,69.23792319097696
2013-03-25,38.99830312967031,63.808885886861226
2013-03-26,39.11602746358868,63.78722078785596
2013-03-27,39.116555764006314,70.86333874604416
2013-03-28,41.173243112924474,68.02182449842078
2013-03-29,40.305797639949766,61.785870795151794
2013-03-30,39.91627370630618,67.3480376175557
2013-03-31,37.768843656997845,69.93318728494076
2013-04-01,39.72510214648253,63.388888825882326
2013-04-02,37.78168488687929,64.87890175804702
2013-04-03,40.6625002556582,58.946445543595615
2013-04-04,42.3249321865504,66.36156588959632
2013-04-05,39.46134430281072,65.3951573842447
2013-04-06,41.282171630465896,70.37857733035192
2013-04-07,38.425540730094234,52.2844677010141
2013-04-08,35.49043060965636,59.89108063055922
2013-04-09,37.39275215447258,62.76852058004288
2013-04-10,42.1595111236581,66.90845853172723
2013-04-11,40.216181986124035,62.24316821311643
2013-04-12,39.979846157051576,66.9630935237207
2013-04-13,39.67489799733904,57.578314033746366
2013-04-14,37.15337600634921,62.35963847928352
2013-04-15,37.806095001521285,56.15563409612698
2013-04-16,38.918578354399045,58.426524783213225
2013-04-17,37.516444665648706,54.530602928804846
2013-04-18,37.69486734927507,53.67206601555161
2013-04-19,40.27631439483508,56.46175977741639
2013-04-20,38.62407065009017,55.94386303987086
2013-04-21,40.34654995186117,60.33795346447087
2013-04-22,42.98020259217727,57.57440631549037
2013-04-23,38.279399734423414,51.982111034463856
2013-04-24,40.396956077650295,54.90671052185848
2013-04-25,39.035496412870245,46.78269180193498
2013-04-26,38.882411835820584,52.308241476709036
2013-04-27,39.145927552599794,49.78230025793718
2013-04-28,42.41099199522162,54.74921416223153
2013-04-29,44.06180136848864,57.361341347278156
2013-04-30,41.5539035055545,57.65672889867104
2013-05-01,38.79560350812858,48.573986256741364
2013-05-02,41.20519732211543,49.86840608535482
2013-05-03,42.26311917401695,57.99700070110052
2013-05-04,37.849188245102944,50.8428916349289
2013-05-05,38.868627027769094,53.4609548879136
2013-05-06,39.76322168996484,47.1825721305531
2013-05-07,35.54613826779367,46.053679883563376
2013-05-08,35.98407437210924,53.29416477121026
2013-05-09,39.35709437695019,38.84545383485501
2013-05-10,42.7230707211671,58.56162208726885
2013-05-11,37.30532220181789,43.22034923252053
2013-05-12,40.42943510154226,58.604477284493996
2013-05-13,42.17393434390326,50.70531370443719
2013-05-14,37.92603292685781,56.7764415901056
2013-05-15,36.27935040954328,46.283772347288455
2013-05-16,39.74959242316845,42.93721845999131
2013-05-17,37.24660873188544,51.47804998119742
2013-05-18,42.215454298513244,47.585865525820076
2013-05-19,36.348007384454256,47.66696679083449
2013-05-20,36.79299152674197,44.5527254037325
2013-05-21,39.77385363544955,52.44553696157994
2013-05-22,36.70080494648987,53.61943338431542
2013-05-23,36.1816061846238,44.46615549669525
2013-05-24,36.543223971061956,52.596998626556044
2013-05-25,33.24226551674314,38.798922352272285
2013-05-26,36.417254176205184,51.23093123536871
2013-05-27,39.10400352348187,44.52950451442162
2013-05-28,36.132068900487724,49.39174456533303
2013-05-29,40.49898101597063,48.685667263052935
2013-05-30,33.46528484870223,47.38005721890859
2013-05-31,36.732659702892846,37.06896242835786
2013-06-01,35.65005725841562,43.95389787307608
2013-06-02,34.81805649643061,37.92106542837911
2013-06-03,40.715201526028395,41.47090450258842
2013-06-04,38.95151829384878,43.32435935223209
2013-06-05,34.60207307315257,45.233616403605076
2013-06-06,31.8163675415433,38.46445140277227
2013-06-07,34.85344260959235,42.43288861804511
2013-06-08,33.22050578411887,42.4727905246931
2013-06-09,34.25571565213158,42.705583790003026
2013-06-10,34.45210179830699,33.970568044759425
2013-06-11,34.39239217322315,46.95838893440734
2013-06-12,35.98558781832911,42.8643186848303
2013-06-13,33.599929522952316,45.70560573567139
2013-06-14,33.47143099225282,42.54937608277867
2013-06-15,30.94352397185226,36.996541294152216
2013-06-16,34.09178345030903,52.86752215544027
2013-06-17,33.157215897265,41.066758518251326
2013-06-18,32.814667193290404,45.006587084591544
2013-06-19,30.422739263258713,48.28510050731276
2013-06-20,29.10999423315738,38.32199058345046
2013-06-21,33.19400235888735,46.64979320708069
2013-06-22,32.28390489028335,47.26375241411641
2013-06-23,30.224444103059177,35.14276934772744
2013-06-24,32.52583436924824,42.551600952897935
2013-06-25,30.58799508521623,38.597009612596125
2013-06-26,29.90817259587431,39.14604937880376
2013-06-27,29.349896745354968,40.86314063338038
2013-06-28,30.9267527803203,43.01131268422038
2013-06-29,27.868206573783198,31.17824309166084
2013-06-30,28.676957357830897,44.671668120067515
2013-07-01,26.046455593327636,44.919115231617084
2013-07-02,28.163516814073486,39.41311702252528
2013-07-03,26.956621712841365,39.410657242940495
2013-07-04,27.916997165551148,45.646043025167685
2013-07-05,28.228306485095253,46.38744374629862
2013-07-06,28.882248995674164,34.73239376803134
2013-07-07,29.55927866399369,36.99576317303022
2013-07-08,28.970655158576243,43.77688136344043
2013-07-09,25.577481542303346,37.85792889167014
2013-07-10,25.32576355541563,42.64242192391109
2013-07-11,24.197000340128156,35.698749518451386
2013-07-12,26.7687433820027,25.996376356945525
2013-07-13,23.35771162357061,36.633048453879645
2013-07-14,27.145307452066845,40.33362016629554
2013-07-15,22.464091543683043,46.97802262667405
2013-07-16,25.710404724441982,38.835434276142045
2013-07-17,25.151890503465292,37.77601719588978
2013-07-18,27.09256371592879,49.29491782292386
2013-07-19,29.52222301280017,44.811503189984215
2013-07-20,23.2635987997664,50.82013076688763
2013-07-21,23.78587761680867,40.3658419101701
2013-07-22,24.699096265011633,45.06319447767137
2013-07-23,22.180328225488815,43.880198233864256
2013-07-24,22.697022361633824,35.985396405793004
2013-07-25,26.9095876881692,37.78076177703359
2013-07-26,19.606510647502933,40.42832754145651
2013-07-27,20.713094353225927,46.61779454379706
2013-07-28,24.36158318413045,38.88419189517167
2013-07-29,23.77863217413536,37.05156735171154
2013-07-30,22.27091121380775,41.37289751775319
2013-07-31,25.999320047606428,35.58310620456007
2013-08-01,17.63196999667492,39.40912624982552
2013-08-02,16.95748999277287,37.3151678779091
2013-08-03,20.31837291047998,40.194931069971695
2013-08-04,20.17479828933155,33.586183366757346
2013-08-05,18.212083033797576,32.230667176983715
2013-08-06,19.364238463292338,43.27135736591327
2013-08-07,21.048479346071975,40.76349272901658
2013-08-08,20.026381290589292,45.68097100181272
2013-08-09,18.18719541496068,42.63245274872035
2013-08-10,17.377649105853525,52.464978460342444
2013-08-11,21.443776290259482,42.94623150671368
2013-08-12,18.160309556097765,47.26637525137936
2013-08-13,19.91577917203712,50.56452579950864
2013-08-14,19.49305274932707,38.88096981784803
2013-08-15,20.942093312184674,38.6938392781577
2013-08-16,19.820177055295595,53.134952835581544
2013-08-17,17.217970303111606,45.545412584131576
2013-08-18,15.974837614045885,36.761724804776605
2013-08-19,19.997062903496442,39.89249211252909
2013-08-20,17.040373902516773,43.80433320011557
2013-08-21,18.496129121226904,40.73649914558058
2013-08-22,16.24036397487504,43.664739968273494
2013-08-23,18.166264092428523,50.50746896433736
2013-08-24,19.244684838367125,39.80726309620508
2013-08-25,13.018796189156712,43.20202306786859
2013-08-26,22.148299304734806,43.29800656215624
2013-08-27,18.893088413949748,49.72861835896359
2013-08-28,15.773129919631632,38.357223762651614
2013-08-29,18.742652166376544,33.8851483769333
2013-08-30,15.605293905800448,48.91708505858304
2013-08-31,19.09851069013613,45.98440066360455
2013-09-01,14.347373483653877,41.01211514552385
2013-09-02,15.093058682630335,42.196147687391296
2013-09-03,13.950710331082096,42.901326158600426
2013-09-04,14.804264357733413,37.70204105565574
2013-09-05,11.089730102802726,43.228749692948305
2013-09-06,16.24803316038554,47.98677216188976
2013-09-07,15.477577547706321,48.750806614233156
2013-09-08,15.452051340604033,43.02712651659368
2013-09-09,15.262129207693631,44.27465557632432
2013-09-10,13.907081816273385,40.04217783432651
2013-09-11,12.737842505174859,44.26664807762104
2013-09-12,18.075558561307965,50.18396095253984
2013-09-13,16.19753477481026,47.947449095357705
2013-09-14,14.86431790690865,48.58036445817876
2013-09-15,12.487521031694369,52.260635146246884
2013-09-16,9.286736040690005,45.45962424424367
2013-09-17,13.053479515539745,49.324532152503515
2013-09-18,9.989121001723934,48.289287184623326
2013-09-19,14.54171986279063,47.386686752269235
2013-09-20,13.328856503065863,47.55694607892154
2013-09-21,10.917703359176421,50.577354892735755
2013-09-22,13.367618328798917,53.521783784956966
2013-09-23,12.313976515145782,48.15002936689881
2013-09-24,11.62713496909837,52.460007395431575
2013-09-25,12.546952427180042,46.79127501760924
2013-09-26,12.419868765173998,48.12749034539872
2013-09-27,12.827301301376192,51.78791983849582
2013-09-28,11.681839080937728,51.487544082866506
2013-09-29,11.522306206408265,47.27033076082647
2013-09-30,11.8567975283114,50.595606178957354
2013-10-01,15.145281442168113,56.899460421686655
2013-10-02,8.851494547789699,47.47674012905325
2013-10-03,11.167951961741311,50.19286689463111
2013-10-04,10.477801661540845,50.67407223851011
2013-10-05,8.25425529108688,55.48775026544025
2013-10-06,11.012291503586514,48.06409958672562
2013-10-07,10.250908896200793,55.62893198909564
2013-10-08,11.549485861771846,53.3698755198992
2013-10-09,11.720265855685621,50.041912493411516
2013-10-10,8.964910674403733,48.64837089698233
2013-10-11,11.225199339146323,53.543609801375155
2013-10-12,10.51537711344441,58.96622493220306
2013-10-13,8.905433463804,48.714705623495746
2013-10-14,10.161404123106951,69.19788593915725
2013-10-15,13.032115017580402,55.90155161352839
2013-10-16,6.957951898582277,53.12747178816724
2013-10-17,11.467017302850486,55.02895795990618
2013-10-18,11.404014982961332,51.09630391894954
2013-10-19,6.154331227045432,59.65392197725452
2013-10-20,9.323051269985209,51.578379054327414
2013-10-21,10.346405252833591,67.27182104352218
2013-10-22,7.978617173708515,63.13612121226313
2013-10-23,12.669900953309634,60.524864812377395
2013-10-24,15.060051731522854,53.38273442409696
2013-10-25,6.647885644108271,60.26335439365418
2013-10-26,7.222039966238805,62.03790102245399
2013-10-27,10.466927865010154,60.9335207183638
2013-10-28,7.57726674473648,57.64629019747169
2013-10-29,10.891475134049289,59.47217831235376
2013-10-30,8.165418943165497,63.39433372288321
2013-10-31,11.349423159069762,65.67696412024996
2013-11-01,14.64727678537001,63.541016680902025
2013-11-02,9.942266977087877,57.29747808749415
2013-11-03,10.26180008384168,58.337179123788424
2013-11-04,8.920466161336764,71.72915633509312
2013-11-05,13.176962783636174,61.48517675278662
2013-11-06,10.958168067348772,49.278773694780845
2013-11-07,10.816822614204412,61.760672047839776
2013-11-08,9.219913458747843,67.13693605072402
2013-11-09,8.285705629943042,57.04899279917631
2013-11-10,10.659412927493772,60.914938211981976
2013-11-11,12.054047512455119,70.05218906476283
2013-11-12,9.452558346539085,66.98782693183827
2013-11-13,10.86161333464276,67.07061690186137
2013-11-14,10.104224970802523,55.4264478097646
2013-11-15,8.384466202557231,74.10893371757103
2013-11-16,12.278834453799494,71.07536856018191
2013-11-17,10.307511202461496,66.06247291631702
2013-11-18,12.794003343560524,61.297477092976784
2013-11-19,11.423573569978862,58.16172117152189
2013-11-20,11.41770212081117,60.03217392151038
2013-11-21,11.633129081782734,66.21937569574959
2013-11-22,9.107955240007115,69.29971210730241
2013-11-23,12.542693865685703,63.588675077685295
2013-11-24,10.277896378952603,57.820680856336836
2013-11-25,15.223464030093082,66.92055323083558
2013-11-26,10.808010424320868,57.32737849727878
2013-11-27,12.135941807360252,73.40728085399356
2013-11-28,8.91718965345574,71.76306979747879
2013-11-29,9.06224272976753,70.12372212774237
2013-11-30,10.327026573398353,72.77324149493788
2013-12-01,14.53154253215963,63.64640889067855
2013-12-02,14.108072009595409,70.71861002281658
2013-12-03,14.100820858644884,71.2094270475283
2013-12-04,12.331362435159495,66.81050621271018
2013-12-05,12.222694378694031,72.78785861750917
2013-12-06,16.490883662868313,63.02264438040654
2013-12-07,14.133333164367079,76.49603304638786
2013-12-08,15.268985482982924,76.19858083567792
2013-12-09,16.897324176264178,62.08869279646506
2013-12-10,10.81313927902704,76.59243680145018
2013-12-11,15.000340942780284,74.29744683652136
2013-12-12,14.874211248311989,72.0241943505064
2013-12-13,11.189542652294364,78.7229973262642
2013-12-14,11.214819557395211,69.01866827041933
2013-12-15,14.238362489711998,81.77814098444749
2013-12-16,12.106802785251586,72.06494207999745
2013-12-17,17.32289810680475,83.89205101995796
2013-12-18,19.055845975115687,80.6147144743701
2013-12-19,13.56817977327479,71.98467738770783
2013-12-20,18.185310446520727,79.80056475822128
2013-12-21,13.128959036704666,76.00387804943391
2013-12-22,14.313125583287295,71.2357852091059
2013-12-23,18.25752837845065,73.22540017214877
2013-12-24,14.039387913302964,73.25616242874844
2013-12-25,16.252730972556563,75.49080914117884
2013-12-26,15.023167401844123,77.51234173970789
2013-12-27,18.238885476740123,84.27600328417401
2013-12-28,11.72477315328142,74.31323846878573
2013-12-29,14.669448783518913,73.15509008357334
2013-12-30,14.321101563496613,70.75183207622712
2013-12-31,19.31025970594278,72.46946426857858
2014-01-01,20.509431227037574,77.59564604655061
2014-01-02,20.491173536443075,85.55092958818543
2014-01-03,17.484387017267945,82.95678391366613
2014-01-04,15.924777412264952,82.31689151668027
2014-01-05,18.933985288810103,80.17768101240918
2014-01-06,21.73278685185361,84.46611029524465
2014-01-07,17.463149835963694,79.64701944543022
2014-01-08,22.85298839293393,79.3892714965323
2014-01-09,17.653867572224968,72.8331138857472
2014-01-10,17.531810945203482,81.30781432287995
2014-01-11,18.284813571856922,77.40947985670986
2014-01-12,21.13414598853563,73.40794464059431
2014-01-13,20.076248097358203,81.52850449168552
2014-01-14,18.71823647854204,81.27852296780307
2014-01-15,21.731240263468052,88.75502702559893
2014-01-16,20.23781956473961,83.32474091117504
2014-01-17,22.247047939610702,83.3679137581745
2014-01-18,22.037824475640033,79.75440203633298
2014-01-19,20.102283549117956,82.8867940198435
2014-01-20,23.30096036480798,86.10071776594062
2014-01-21,21.382417021805985,76.57963998079431
2014-01-22,25.56158431923708,77.60819313306351
2014-01-23,22.817436122423967,79.25295335645461
2014-01-24,24.84116000628095,70.87212888797984
2014-01-25,21.514133890596998,82.52666353124192
2014-01-26,21.865834186248176,72.84017317523782
2014-01-27,21.90935729693958,75.3404837139313
2014-01-28,18.91370117560234,78.48088919738964
2014-01-29,27.622345066000193,85.42695726918197
2014-01-30,26.522003290317336,78.10592192624452
2014-01-31,22.31291753937155,79.8060887795174
2014-02-01,25.804848332547312,80.5390425989694
2014-02-02,24.54258503911606,88.18825981121796
2014-02-03,25.70034680794273,84.12378751723654
2014-02-04,25.07163590622425,77.53091516507695
2014-02-05,24.294973014336364,82.10259918745462
2014-02-06,26.516297134435998,85.00256145542573
2014-02-07,24.47665357306455,81.57346130926169
2014-02-08,27.36859710134918,79.83782912571891
2014-02-09,27.420945508691606,79.58165393070392
2014-02-10,26.48865356087413,75.3863967472183
2014-02-11,26.687713881912046,79.00689426417628
2014-02-12,26.063292877510214,84.94226199777934
2014-02-13,28.42008612019124,81.77750136597648
2014-02-14,28.460176793634034,86.24265738561786
2014-02-15,27.683661708743877,84.32121363323421
2014-02-16,27.37978962352061,78.58137481898999
2014-02-17,29.56688616927709,87.32538299110465
2014-02-18,29.082447772575133,81.23649752717435
2014-02-19,25.474610017906183,75.14798424329275
2014-02-20,27.325929555441515,76.9622065818061
2014-02-21,31.792856653522648,74.125971450498
2014-02-22,30.201309919873033,79.13876433955889
2014-02-23,27.981153592791983,88.38253394399139
2014-02-24,26.299091857038093,73.0394999841176
2014-02-25,28.996638108875757,76.22911034319733
2014-02-26,29.274698931011628,87.49050197511794
2014-02-27,27.293196648752353,82.01048623314976
2014-02-28,29.138811551555378,74.87999497294159
2014-03-01,24.812666841141056,72.91736280305693
2014-03-02,31.96249611817667,81.215571354944
2014-03-03,31.341291587745975,70.71744464941483
2014-03-04,31.068069449167652,67.77457955538732
2014-03-05,30.866460347921084,83.15040426260065
2014-03-06,28.835881114347355,72.59772286810094
2014-03-07,33.70584537091491,76.4764887330982
2014-03-08,32.41331390782321,78.8490202233433
2014-03-09,32.27717711313289,78.81081888926099
2014-03-10,32.7571588330712,89.57488156629422
2014-03-11,32.43970376603215,77.28461694124985
2014-03-12,32.50937686019769,79.2089952495912
2014-03-13,35.39291620740267,79.5948390681071
2014-03-14,34.528319021657055,76.83988162787539
2014-03-15,33.039612001797,75.79158681318097
2014-03-16,34.02451101677911,67.17012548132556
2014-03-17,27.86926345771772,79.4304220423604
2014-03-18,35.09479611048568,73.6659930080933
2014-03-19,34.16282159768771,75.50323918980449
2014-03-20,34.457672552435575,83.83531244352764
2014-03-21,33.48572019262941,71.56086933181862
2014-03-22,34.82099820718138,76.09152635436664
2014-03-23,35.20485767432043,83.9133275578126
2014-03-24,33.971165411112096,75.10188808259475
2014-03-25,33.43392588565155,76.70168309885453
2014-03-26,37.76771725145405,73.02140834931012
2014-03-27,34.75658388210367,74.86982878178148
2014-03-28,36.67250431966869,77.43125544044089
2014-03-29,35.458873050562545,68.92003710657116
2014-03-30,37.241688305616854,74.40300996753935
2014-03-31,39.170240278655186,72.16113480007964
2014-04-01,35.695797489426624,75.01610687476847
2014-04-02,37.26209793315877,77.12675448260079
2014-04-03,36.36180084791125,64.8927827012176
2014-04-04,36.711001172421945,80.6463734745098
2014-04-05,38.48412172724971,67.41296097508248
2014-04-06,37.39261062260049,74.11053024346798
2014-04-07,39.247083708298184,68.09877759073078
2014-04-08,35.710827246636384,83.87555921989482
2014-04-09,39.737316758794925,67.91195947024663
2014-04-10,38.483514472930025,63.97943090760381
2014-04-11,35.7934809849644,63.02350003155297
2014-04-12,38.602726223224394,70.83097814240669
2014-04-13,39.41667895364523,74.77926833010409
2014-04-14,36.642838806839045,75.12586103149623
2014-04-15,38.46131012939258,70.60124134715187
2014-04-16,38.91340390419073,69.69297805652369
2014-04-17,34.52107747860187,67.04090966241596
2014-04-18,35.48688241051995,76.37547424023337
2014-04-19,39.13005736012845,74.516646221044
2014-04-20,39.55498287456718,63.18433411323929
2014-04-21,40.19331438212147,68.11589142744519
2014-04-22,38.84391579043419,69.74010100515031
2014-04-23,39.64530493810017,70.33869289349686
2014-04-24,38.73517024952496,65.35513186472436
2014-04-25,39.33095702803616,69.75728059417467
2014-04-26,42.83355677012172,68.81364229922131
2014-04-27,40.05273063445958,66.41458266858884
2014-04-28,40.47658802762778,57.91831036355674
2014-04-29,36.28433480756754,68.00829962541854
2014-04-30,43.553654105956895,67.78373895301573
2014-05-01,36.07528720750769,66.53983217700055
2014-05-02,42.24188545771846,63.01199378868203
2014-05-03,39.73230615197939,54.327188075028
2014-05-04,39.41905753644549,68.57371023446045
2014-05-05,40.99017333957305,53.08554919740964
2014-05-06,41.405733549769586,54.676510772205496
2014-05-07,41.33809937966102,55.768991873414905
2014-05-08,38.964694700962916,58.18994122167416
2014-05-09,39.292536586404836,58.20564858677169
2014-05-10,35.976993544427074,60.26625301788172
2014-05-11,39.45886877292855,59.49142045842961
2014-05-12,39.87444377735109,60.99561204111851
2014-05-13,37.47357240774497,56.501587446914115
2014-05-14,37.20271231010105,55.863536278191184
2014-05-15,41.8726408541987,57.80554773104496
2014-05-16,39.16468834515671,54.14750148042795
2014-05-17,37.87431444598561,60.623804446267755
2014-05-18,41.686282027648744,51.41808638161376
2014-05-19,36.107841204348794,62.112536055329045
2014-05-20,36.68193630340868,56.270514217600066
2014-05-21,42.61400858949979,56.938995630176265
2014-05-22,36.265619180397884,50.55256654438916
2014-05-23,43.49638168781506,56.76149219579028
2014-05-24,39.870504477585364,59.64779834642475
2014-05-25,39.44988102952272,54.44985195963268
2014-05-26,36.88312670765152,60.102308543767485
2014-05-27,41.36480398271542,57.510880483304156
2014-05-28,42.6372055057308,60.057921062257094
2014-05-29,42.509365218012015,51.20266941539835
2014-05-30,40.29332116599792,53.97503575965515
2014-05-31,35.282350110325204,60.080740499512366
2014-06-01,39.853862876771366,50.96726635738931
2014-06-02,41.11364808559334,60.51556025152032
2014-06-03,37.55851973472036,61.87180478257207
2014-06-04,37.35579899752576,43.70048306062001
2014-06-05,38.671427076697675,58.83815891005205
2014-06-06,38.648988971115394,49.6556811916789
2014-06-07,38.71373779485238,42.19285647611929
2014-06-08,39.534009660190804,59.32617529722682
2014-06-09,36.1771274187403,48.12330392767766
2014-06-10,37.92804487689479,47.176666481927455
2014-06-11,40.50407339792787,55.52474284189852
2014-06-12,35.62019840710656,55.67436912761035
2014-06-13,36.380616406958275,60.44495246890236
2014-06-14,37.11931593288048,49.16916745894734
2014-06-15,38.331251428223,51.81050433985884
2014-06-16,37.34302339192908,53.54198163970029
2014-06-17,33.89686524368447,52.704228692057015
2014-06-18,35.00195510916528,52.177585285021244
2014-06-19,38.299618316725315,47.06535521874556
2014-06-20,39.68072262235819,55.805082586261044
2014-06-21,35.51951682469348,57.31713864415351
2014-06-22,37.60548894083639,41.8933610274251
2014-06-23,38.137622827413466,42.662289550690716
2014-06-24,37.2806967352266,36.03741468960073
2014-06-25,39.75955647559528,49.87107630412551
2014-06-26,37.350847891001365,54.60829368233051
2014-06-27,35.583442364033004,47.54342911606552
2014-06-28,34.8719026992015,51.0386004626095
2014-06-29,36.66697672930578,40.12148589354441
2014-06-30,35.153426236083284,45.82750201393001
2014-07-01,36.76306928265319,48.54307199250003
2014-07-02,34.094063559606205,48.78867434952506
2014-07-03,37.245210966405566,53.87149235041076
2014-07-04,37.23343996167288,51.4983360287681
2014-07-05,38.77285308676457,52.01827430492243
2014-07-06,35.73971289925299,43.089415986875494
2014-07-07,33.43590442695568,46.523794414368
2014-07-08,36.63077268095618,39.038040110274466
2014-07-09,38.59720818435329,50.859632993949624
2014-07-10,31.124261892654044,52.02599315439196
2014-07-11,37.882356746406295,44.212940278424426
2014-07-12,29.309063004599228,40.49917452119086
2014-07-13,36.28003715206899,40.93283108856741
2014-07-14,34.23879862148738,37.63552088917092
2014-07-15,33.5420538798659,43.87948027398387
2014-07-16,34.663925863189945,50.26568329413326
2014-07-17,31.231707563893973,36.891587980867605
2014-07-18,31.875145586921082,47.685644341582744
2014-07-19,33.01339140051742,53.90827269295288
2014-07-20,31.1219147592733,40.26665581100283
2014-07-21,32.02116364548236,38.52853283775782
2014-07-22,28.053314709062654,36.155695555928084
2014-07-23,34.14716969718581,38.98363843041476
2014-07-24,29.775557316046445,48.903905655804905
2014-07-25,34.22446571535482,42.12321689746389
2014-07-26,32.5294778361727,39.92653984045626
2014-07-27,30.97593795499625,38.20346513981915
2014-07-28,30.043059573470494,46.70855350993023
2014-07-29,32.41116310675378,31.51026185470291
2014-07-30,25.041541576577085,41.154959826652004
2014-07-31,29.88282154934848,41.408742343466635
2014-08-01,27.383955095439177,40.147175491978395
2014-08-02,27.80441967691361,38.86805021194701
2014-08-03,29.15666896614924,26.97126151413507
2014-08-04,28.849724145652473,37.68192396181683
2014-08-05,32.007116084813,33.90540649082375
2014-08-06,27.626055563956115,45.46909950555253
2014-08-07,28.09545245009953,36.32363566262957
2014-08-08,28.25619428113501,37.44322705699685
2014-08-09,28.30865617999387,40.648398119301795
2014-08-10,27.737889887202268,37.46768815610665
2014-08-11,26.40755113400495,38.58791740168105
2014-08-12,29.985283887555774,37.66246212794107
2014-08-13,28.78604619066101,40.29260674432274
2014-08-14,26.521823768541463,43.55456026232051
2014-08-15,27.390653715167307,44.770368824499954
2014-08-16,26.8178767253075,48.98637959488505
2014-08-17,23.749630119786488,45.55487099144587
2014-08-18,28.90024105265776,38.51968804370237
2014-08-19,28.51376390759038,42.84161387728784
2014-08-20,24.265193594125314,44.8370237075785
2014-08-21,23.910597812965808,34.08065567954935
2014-08-22,22.55538287878938,38.28439184712463
2014-08-23,24.231363731467344,28.09333596988265
2014-08-24,24.95648859539529,39.58631734978622
2014-08-25,22.230821889482286,43.53207902010389
2014-08-26,23.14135121926978,43.89271569679627
2014-08-27,21.80173974948453,27.1817537998567
2014-08-28,24.91855272055228,40.504146414406506
2014-08-29,24.39302474205807,45.02050525303548
2014-08-30,21.379763164553786,40.178214352979644
2014-08-31,18.71841856819934,38.364677588677495
2014-09-01,22.650250742221605,41.42424324439546
2014-09-02,23.264446222156472,39.21151426091358
2014-09-03,23.508884596308704,49.76453484859996
2014-09-04,25.869181298529064,33.88959244359319
2014-09-05,24.86702077353171,31.42893151059419
2014-09-06,20.593013599260416,39.106017954203054
2014-09-07,25.58080956066115,40.02324121409972
2014-09-08,23.174646787836775,35.32026906554372
2014-09-09,17.819345421310956,44.06103718997318
2014-09-10,20.33828736865025,47.44298038653421
2014-09-11,20.902366401308477,37.97403069858774
2014-09-12,19.914546113674263,35.374108555790706
2014-09-13,18.441209200253834,44.954305824878624
2014-09-14,19.71700335233074,49.171391639350276
2014-09-15,15.607938260386707,30.114563596239925
2014-09-16,24.514742534373013,40.56416088369586
2014-09-17,20.605649164052522,36.47763094735785
2014-09-18,19.54035637556201,42.85330135778991
2014-09-19,17.74702889765701,42.2739521803596
2014-09-20,19.968317127607143,42.87974462674327
2014-09-21,19.630838890899657,41.083480115707886
2014-09-22,19.232290874268397,36.02334577987682
2014-09-23,16.63133264018948,39.608497998262195
2014-09-24,20.348566869001786,36.447456766178476
2014-09-25,18.787723687170736,44.0775938189417
2014-09-26,16.645420134941496,50.99713480146566
2014-09-27,16.165203137825866,45.9138178977503
2014-09-28,16.77722504729606,40.32870552316467
2014-09-29,15.595869644904363,41.519674190032106
2014-09-30,16.07371814703886,25.95312031798015
2014-10-01,13.121689247760147,44.780137741458205
2014-10-02,14.781188530970079,39.03200037278054
2014-10-03,18.151195048710267,45.53652083484102
2014-10-04,18.18030660947207,42.69865919962913
2014-10-05,16.94677935061408,45.77996403404465
2014-10-06,12.334465124348718,40.4453036966055
2014-10-07,13.165512632936752,52.229021508429
2014-10-08,16.3259209489255,43.372349437438835
2014-10-09,13.029822852924802,54.1420814362849
2014-10-10,17.1943489471321,43.88358652154696
2014-10-11,15.193790037839287,41.02278228985078
2014-10-12,14.578831254474032,49.139454533937624
2014-10-13,12.78704589060124,46.88320456163189
2014-10-14,17.645555714047614,43.52395939901203
2014-10-15,14.097514663757236,43.44342545362251
2014-10-16,11.912875506456,46.63361312259709
2014-10-17,10.13812503891862,47.89292439660179
2014-10-18,12.224634415567893,50.74576000715293
2014-10-19,13.987284450175485,38.03955058448688
2014-10-20,14.665236123014646,51.69835611138169
2014-10-21,16.69727944189207,49.019073271446445
2014-10-22,11.84387664360454,45.512102880813494
2014-10-23,12.963740952514959,52.04128884373327
2014-10-24,8.502854530353664,46.308701721290554
2014-10-25,15.587199002885527,53.69715516839429
2014-10-26,14.994724372675345,52.599112841392994
2014-10-27,14.698990553634687,48.52613928641416
2014-10-28,9.693879134871203,50.34141065526551
2014-10-29,11.326221744865892,45.203366168981354
2014-10-30,15.59275535330895,57.36638763955233
2014-10-31,11.869832294934781,57.60638864964139
2014-11-01,11.653889591174472,57.967825379982905
2014-11-02,13.038679924165628,43.12166967023669
2014-11-03,14.287557292623099,50.34791427105983
2014-11-04,13.565325402777695,55.43902291389407
2014-11-05,12.454610934522444,56.78703821060714
2014-11-06,10.80912694075982,51.243588057319236
2014-11-07,11.921718637740556,50.692676663522036
2014-11-08,10.191415798802636,52.11620099013304
2014-11-09,10.081065053344648,54.17615696968927
2014-11-10,9.829112250842549,47.159183975888105
2014-11-11,12.05379897628847,55.056697172709896
2014-11-12,8.603793590737563,57.80347833934888
2014-11-13,7.330914666349221,57.76044000230719
2014-11-14,7.655625060891731,53.8116125964394
2014-11-15,10.746138751883,54.66496987949063
2014-11-16,10.337045108174884,46.70504625641739
2014-11-17,11.038153846471666,54.42617273887574
2014-11-18,11.427271295644479,69.23372438990742
2014-11-19,11.42837591659812,56.93378632017131
2014-11-20,12.322487836776254,55.07281075064048
2014-11-21,7.721641692880922,56.2042462539039
2014-11-22,11.67027971173383,52.013009888473285
2014-11-23,10.759862147276102,55.04039250176335
2014-11-24,9.030740555974916,71.12516288244109
2014-11-25,7.4463681711420655,55.810243566230476
2014-11-26,11.723966420915053,66.75521268888846
2014-11-27,9.661513608972099,60.943509597661645
2014-11-28,10.697088851827472,53.695314350555236
2014-11-29,8.219996359845291,58.901714043291875
2014-11-30,10.579831355503881,53.99005203415878
2014-12-01,12.959059114411717,64.49731611358405
2014-12-02,11.915117713031394,61.65820178118303
2014-12-03,9.597051822484644,51.95526657526462
2014-12-04,6.857762453854447,63.276110090940065
2014-12-05,10.570164310827247,68.55893093142319
2014-12-06,13.521367493579287,69.34874494475132
2014-12-07,10.933429875944901,54.96593086567135
2014-12-08,10.005656134412996,48.685831754780054
2014-12-09,8.031714271410136,61.75360061058091
2014-12-10,8.38962349352076,67.83571615173865
2014-12-11,12.153797839731299,65.93926401690652
2014-12-12,9.416138312622428,71.27667243215453
2014-12-13,12.868488020164113,58.55163849581382
2014-12-14,13.258701048633522,65.4415138621671
2014-12-15,11.383708989499688,65.85386045101528
2014-12-16,10.51819374407037,64.65024853323064
2014-12-17,10.717531715290972,69.86117475668385
2014-12-18,15.163067504743552,71.77325996974166
2014-12-19,14.843259286540041,62.6569439835791
2014-12-20,11.777389567616382,54.22604552086928
2014-12-21,9.716492277269248,54.541334313757424
2014-12-22,12.446265178383454,60.198869420583605
2014-12-23,10.320507308223608,67.94841352354372
2014-12-24,9.01894705932344,74.74148684595852
2014-12-25,9.287022412522191,67.85296602209185
2014-12-26,13.168869346370194,67.04604857859891
2014-12-27,14.5762458364167,63.295328455894854
2014-12-28,8.530597521017574,63.99215754625139
2014-12-29,8.424152473031086,63.49979167711771
2014-12-30,14.245521881099911,63.61510862423142
2014-12-31,13.146971768792474,62.1889170044536
2015-01-01,7.17942582366282,70.82285882830185
2015-01-02,10.845355618414029,70.87839639330788
2015-01-03,14.519571205593,71.58667581754662
2015-01-04,13.414113132409904,80.34204273594332
2015-01-05,12.592094873692366,78.80193800578695
2015-01-06,8.853424938692491,72.39319651285442
2015-01-07,12.439579074649632,64.39502940621827
2015-01-08,11.518555377139725,70.85915374414871
2015-01-09,11.194848926437926,68.0605257745827
2015-01-10,8.461680407413919,68.3243821710065
2015-01-11,13.397067520657695,68.1855167639121
2015-01-12,12.950637842297345,68.14359458353357
2015-01-13,14.08764050658562,73.65362446663637
2015-01-14,11.819003795982828,65.61603588333398
2015-01-15,10.72057720991123,79.52111802689356
2015-01-16,13.40117319850996,74.36943422505445
2015-01-17,15.163911827325272,77.84011678759256
2015-01-18,12.558153501208562,71.78772885399583
2015-01-19,13.386127443142637,72.48000633553391
2015-01-20,14.109763128797512,74.19386902870745
2015-01-21,12.502433200682196,77.87059796575176
2015-01-22,12.03018188857341,73.64679752165611
2015-01-23,16.442168056156607,80.61257126925116
2015-01-24,15.367943073018568,69.96527089552094
2015-01-25,13.354967070775277,78.12828557481257
2015-01-26,15.25642391397893,77.14558209475835
2015-01-27,14.333714294951147,81.74375290192565
2015-01-28,16.053684813445614,81.72394021563134
2015-01-29,15.2978933919803,76.44936551516258
2015-01-30,19.80101924914551,71.3418621027075
2015-01-31,13.612337856501053,67.56109828038163
2015-02-01,15.805168634031325,79.38855241032516
2015-02-02,15.002545564370257,80.17386311872977
2015-02-03,16.931884578047953,87.17469568524116
2015-02-04,16.877692493156463,84.54805124086525
2015-02-05,19.80729515816099,70.64408849011912
2015-02-06,15.001447315618494,76.27581470863653
2015-02-07,15.43870320195532,77.81182922166174
2015-02-08,16.408288703336474,82.96521178144417
2015-02-09,20.294395526692583,63.4997574143969
2015-02-10,17.32467546565672,79.17032535656936
2015-02-11,21.48809190896256,76.71438682248545
2015-02-12,19.262530682253548,80.31892106844987
2015-02-13,20.229231673773423,70.79057686242672
2015-02-14,17.564009732721747,76.11742779133975
2015-02-15,17.74032872242646,78.83880412531201
2015-02-16,20.775931864299036,74.68778164143907
2015-02-17,20.8901635831346,72.31136341477607
2015-02-18,22.798739368290178,75.80341450711138
2015-02-19,21.56465303760512,77.35718846157825
2015-02-20,21.79875662024719,74.07516880821713
2015-02-21,22.27228865647732,83.16354358182632
2015-02-22,21.218735034275426,81.73667060824003
2015-02-23,19.87884611756948,86.71774084054962
2015-02-24,25.83069933726712,75.29384910327785
2015-02-25,22.443716921779803,88.7954580746604
2015-02-26,20.68519348421517,80.19912665070947
2015-02-27,22.577848699583612,71.37831014218072
2015-02-28,21.829795700933737,82.90751962188355
2015-03-01,22.046561863623605,81.50051351332564
2015-03-02,22.293104238058117,84.00631587009414
2015-03-03,23.234239306574743,80.69142036681073
2015-03-04,26.534657259849197,82.65182057550496
2015-03-05,23.888281530894794,71.97773241930425
2015-03-06,24.208505951983184,86.58793970731257
2015-03-07,25.005838151452537,70.29342383162576
2015-03-08,21.660514507942107,82.85173359427431
2015-03-09,24.297503573597567,72.52933820331322
2015-03-10,26.950052246115103,78.54923984416246
2015-03-11,19.9731053065549,85.6567254081312
2015-03-12,24.148824008206986,76.14164165855637
2015-03-13,26.921954429981735,86.50502682174489
2015-03-14,26.235616661723355,76.35177495022081
2015-03-15,23.758608511489022,80.47565767295629
2015-03-16,26.52007847990034,69.82270838384835
2015-03-17,26.659761321981176,80.90199703252225
2015-03-18,26.207090783556282,89.42196574249402
2015-03-19,26.920228849899065,75.49598077428826
2015-03-20,28.75120546265158,79.74478134777014
2015-03-21,27.51536609416164,84.08574590151736
2015-03-22,26.224820929632923,76.72735183004194
2015-03-23,25.931069486570983,70.69891588392628
2015-03-24,30.663944927460168,75.23641959608823
2015-03-25,26.728981439454962,84.06484547712883
2015-03-26,30.924957973285235,80.36585191894426
2015-03-27,28.005250134135096,71.9638206683212
2015-03-28,29.17710876799866,81.47328475030771
2015-03-29,31.93680543363633,73.21258680788141
2015-03-30,31.117115559251673,76.12824629597016
2015-03-31,25.906882634209868,86.46703506309441
2015-04-01,27.94598122518575,81.8499451954145
2015-04-02,30.645309355546452,80.17322696613955
2015-04-03,25.065132014953974,77.32715896984344
2015-04-04,28.14558686655377,72.47059410253786
2015-04-05,28.111200486343346,78.38921974573455
2015-04-06,28.678085061228927,77.55374488579615
2015-04-07,29.701644269181198,81.41984265917263
2015-04-08,32.395317538484825,78.60217882863874
2015-04-09,31.946266923985796,85.37716530081073
2015-04-10,28.126751821003293,69.58781784898693
2015-04-11,32.36559569443952,81.22693813983312
2015-04-12,34.30118916002372,82.16670259614789
2015-04-13,29.611539309617708,83.46252910403274
2015-04-14,32.057465406168504,81.51153912793474
2015-04-15,35.778849160339554,83.99149976127987
2015-04-16,35.23057602818543,78.00145083501076
2015-04-17,34.74215978181786,80.65283575059122
2015-04-18,35.62058384910027,73.5855688038985
2015-04-19,29.489506862284035,71.49935960475351
2015-04-20,30.62663888354409,71.39093256813797
2015-04-21,35.226392727635265,74.85857466427451
2015-04-22,34.30536596279825,80.81595533156349
2015-04-23,32.387179113341816,80.42533103328182
2015-04-24,35.50048453773845,77.89168884023435
2015-04-25,31.20804066215346,79.74773880418225
2015-04-26,32.067834403058725,75.1212078559944
2015-04-27,35.02361792294893,73.78667269920618
2015-04-28,34.90866176435524,73.20907825211184
2015-04-29,31.99119429584996,81.79838438438588
2015-04-30,39.02789922739325,72.60771280241414
2015-05-01,34.26094356944347,81.63851123349463
2015-05-02,36.55255326964419,78.9138256762262
2015-05-03,35.486898451696696,79.63966907300127
2015-05-04,36.867297107780495,74.07156804559749
2015-05-05,39.766713789928076,70.46651092184369
2015-05-06,37.283234362658646,67.03900535477452
2015-05-07,37.637591131706124,70.27607804739907
2015-05-08,36.74271821533714,76.54364947306186
2015-05-09,35.9970497388202,75.71786991685096
2015-05-10,35.43884699063172,72.60912978322726
2015-05-11,34.26903979978384,77.50654653295592
2015-05-12,36.70981050023813,69.329392085935
2015-05-13,38.91009394457781,70.4571354912113
2015-05-14,36.719482643174096,70.9972470112876
2015-05-15,38.179704603327224,63.528214010559886
2015-05-16,37.73070649466133,78.46007490624797
2015-05-17,37.40626120433536,74.66666979823499
2015-05-18,37.7900032331733,69.97935094333725
2015-05-19,38.07659763917637,77.62377351142558
2015-05-20,37.30338377675148,63.89536757580926
2015-05-21,40.8148262118648,69.30494652679944
2015-05-22,36.98703192239405,72.58729699689589
2015-05-23,38.69346523225622,71.59358524890118
2015-05-24,38.5075760246598,66.66260336976421
2015-05-25,38.12718240815413,72.10479004374181
2015-05-26,38.923394560226,68.23552105542463
2015-05-27,37.82341441744263,69.6248838762828
2015-05-28,39.49832936894371,66.1734689679825
2015-05-29,38.68260565254866,65.93645679085795
2015-05-30,40.36758547879292,64.46417176414951
2015-05-31,37.36492150804836,66.85551201751026
2015-06-01,40.617168531260965,61.017149493363554
2015-06-02,38.13424499295399,66.17087526043214
2015-06-03,40.214598740021096,73.32510629671073
2015-06-04,42.46732989782691,69.17890091916836
2015-06-05,41.18584331663939,63.232819617091096
2015-06-06,39.15121318974543,61.15344640108771
2015-06-07,40.9629594741026,65.69862699309962
2015-06-08,40.10089449279897,64.12830319353198
2015-06-09,36.34245871202019,57.968226269744434
2015-06-10,39.47735639942482,67.03331255400843
2015-06-11,39.10976337747985,54.24988007507446
2015-06-12,40.039811425594905,63.5675546048548
2015-06-13,38.90149060937767,63.66949219956905
2015-06-14,39.44624502912974,63.80481879842993
2015-06-15,38.784960513912445,52.76474003939087
2015-06-16,42.540239193008816,57.97003711052784
2015-06-17,41.86627035968351,63.24167144142236
2015-06-18,38.719158897190184,59.08189642714986
2015-06-19,40.33806385457997,60.075408544811474
2015-06-20,38.795033825842104,59.741497069940635
2015-06-21,41.05866815234567,62.53392319679388
2015-06-22,42.37252006548128,59.07464305897855
2015-06-23,37.85377313064299,65.15952358261401
2015-06-24,36.84619092769,58.398701200591496
2015-06-25,36.92189260833772,62.94100072963611
2015-06-26,40.35026742887565,56.38428435579727
2015-06-27,42.91317965210611,53.50974475071402
2015-06-28,38.24537806628175,57.09525235499106
2015-06-29,38.7605078330331,57.767028782946625
2015-06-30,41.44730142720782,58.95098641748268
2015-07-01,37.624199345323746,57.7800079708576
2015-07-02,42.18165043648882,55.930983661349
2015-07-03,38.36867246427459,51.281904647110856
2015-07-04,38.61373859704155,54.26528245094392
2015-07-05,36.43869425456737,62.5144427141473
2015-07-06,38.73860783975684,49.190385085794176
2015-07-07,37.07572570183309,57.15579248180695
2015-07-08,40.14305937073039,57.092373256368376
2015-07-09,41.01200683667083,53.61197484035608
2015-07-10,41.553235757577845,55.9064428202407
2015-07-11,39.25420120157331,58.57380048352043
2015-07-12,39.26049600997459,49.20879440471217
2015-07-13,40.404051348661696,60.082847065220506
2015-07-14,39.9661854344043,60.206020391217265
2015-07-15,40.60860276004395,49.183484592794635
2015-07-16,39.56926907983856,51.07755041988248
2015-07-17,39.51285753234901,57.53128327271915
2015-07-18,37.48680301963609,46.059885399118
2015-07-19,38.943417503604856,53.49403025712651
2015-07-20,38.17606642745709,39.9483666997607
2015-07-21,40.13708997118372,47.94625326867041
2015-07-22,38.78183890783433,52.99386716062668
2015-07-23,36.28487217340566,46.43261162864869
2015-07-24,39.45833206324223,53.19540005115851
2015-07-25,38.33415780674429,45.16109453007088
2015-07-26,38.151146421842114,47.246223647986916
2015-07-27,39.01465196466258,49.33426862796568
2015-07-28,36.66912847804022,52.893444921136656
2015-07-29,33.40260918863015,45.521128166200356
2015-07-30,34.38252201846836,35.38798847608857
2015-07-31,40.027734914116934,43.19230189383603
2015-08-01,35.28443775162057,51.4976028688228
2015-08-02,36.21793729872089,44.209603746094324
2015-08-03,41.23294742996844,46.11775303205212
2015-08-04,36.77581765238496,57.85430373478877
2015-08-05,35.24834668846644,50.42278516703422
2015-08-06,36.0607787896508,53.543981116243586
2015-08-07,35.41604247884571,43.023790758873226
2015-08-08,36.23910679821169,45.24467945181285
2015-08-09,35.68958990074096,44.32722924106643
2015-08-10,37.20039064686809,38.078053425658815
2015-08-11,35.65602779035348,43.92899401023824
2015-08-12,36.37495197532636,48.59901303423585
2015-08-13,37.82306609091578,39.989857077771575
2015-08-14,36.207389284666746,47.78929597710781
2015-08-15,30.935966744681565,38.947165602020405
2015-08-16,39.199314926885464,34.418299058274684
2015-08-17,33.83979418224355,52.29195240682307
2015-08-18,34.11649381215358,40.923139681973616
2015-08-19,32.18536427914111,46.218838119873894
2015-08-20,33.715487445850826,34.18441148457286
2015-08-21,30.95693286180869,44.88611282094098
2015-08-22,32.971756622145065,44.298253356296
2015-08-23,30.681573263819015,40.88050948273623
2015-08-24,35.835228990302184,43.79314298996074
2015-08-25,32.33086695194941,41.12133231707245
2015-08-26,30.979139757392296,38.25373175834159
2015-08-27,33.02096164318314,31.307554405333676
2015-08-28,36.115245426552626,41.63258526734181
2015-08-29,32.24109069223776,38.63049114459413
2015-08-30,32.5754830313764,39.33120500978729
2015-08-31,36.22642282454623,33.15051129203177
2015-09-01,30.692424690276976,37.436072090482
2015-09-02,30.8379110328051,47.61597568992858
2015-09-03,32.625803599376695,44.379800773994575
2015-09-04,31.346709878493293,42.44009942778229
2015-09-05,32.814259307475126,43.629563968561555
2015-09-06,31.493711639759795,43.01399165234576
2015-09-07,30.029929296030875,48.01493458673388
2015-09-08,30.550589513877192,36.75782449270701
2015-09-09,29.174076554730732,46.71575758925935
2015-09-10,28.361917184475086,50.869695068499695
2015-09-11,31.52189439726751,49.50331724280784
2015-09-12,25.036864937424156,34.47696721723049
2015-09-13,28.99749382670983,31.68524693518956
2015-09-14,27.259538735789818,43.82917395286833
2015-09-15,28.83793643139398,39.99877044807908
2015-09-16,26.47626532345644,41.999043190369285
2015-09-17,27.549377972500423,35.97053073026042
2015-09-18,25.09303967126835,45.44924716785543
2015-09-19,33.23686553207372,47.193712531312485
2015-09-20,26.22547947104378,36.046444832007055
2015-09-21,25.071655178823644,33.29988760096167
2015-09-22,24.836522655192955,36.54033522308187
2015-09-23,28.088705290571948,40.185972794807
2015-09-24,28.231961028827907,33.786969357713744
2015-09-25,27.30669997629442,35.27073572633422
2015-09-26,22.491975072526216,46.05067650978615
2015-09-27,22.61256453332886,38.6800482401547
2015-09-28,23.52634610016537,37.45745670128238
2015-09-29,25.0880667394704,28.900747907692583
2015-09-30,25.21132732329808,36.43871075331915
2015-10-01,25.57062685626051,49.189747767919066
2015-10-02,20.457039171470214,38.26299200614474
2015-10-03,22.045321665446128,36.61852611574748
2015-10-04,24.232593694398055,48.05135381575153
2015-10-05,23.97813958894708,46.405908203727975
2015-10-06,22.62414555585116,33.84497662391382
2015-10-07,24.880492355239934,40.76014685160468
2015-10-08,25.192682280831143,39.20276358101884
2015-10-09,21.05862140495831,30.940698739038574
2015-10-10,21.60039154907227,41.22692536640798
2015-10-11,21.998548779831747,42.26196893267184
2015-10-12,22.455183524839892,38.52000218443576
2015-10-13,23.07988026237789,32.15799312363793
2015-10-14,20.258715158622795,32.156443863132466
2015-10-15,18.03095053229167,46.58505931982622
2015-10-16,19.6408738975091,48.25110468124364
2015-10-17,21.290593789127712,36.60095507064583
2015-10-18,18.392848799658896,30.466239052535585
2015-10-19,18.069520581290984,39.76155496294943
2015-10-20,15.370112207162542,37.35494944153843
2015-10-21,17.840399726208855,36.32230067861438
2015-10-22,20.361540413471,45.040739410865896
2015-10-23,19.45074154751284,48.18261837797047
2015-10-24,21.850345837869163,40.9230580119109
2015-10-25,17.81701462066477,34.129736890984915
2015-10-26,15.833221589837844,41.25741384187775
2015-10-27,17.68868266112848,38.66601997238404
2015-10-28,16.808299949966223,35.616349629693495
2015-10-29,16.788928288425605,35.708170218391054
2015-10-30,18.87191974892338,47.603811063912055
2015-10-31,21.01118723816718,33.757383775133555
2015-11-01,14.489560825880123,45.95108659488255
2015-11-02,16.726040735894436,45.89836990823411
2015-11-03,16.68456606987816,42.85955116718578
2015-11-04,20.19044174636057,41.482343015702185
2015-11-05,18.239059298419658,50.89309114378048
2015-11-06,16.86929639572225,46.162306204999624
2015-11-07,18.29269908599863,52.31097501615041
2015-11-08,14.749961723874133,47.88486279575109
2015-11-09,17.511696638194806,47.63327317970413
2015-11-10,13.586630368056355,49.94471518567432
2015-11-11,16.50039742628663,45.27853104801622
2015-11-12,16.66146232573601,47.28390440165206
2015-11-13,11.893955965132752,43.318769233530794
2015-11-14,13.758580050680514,38.0882404594578
2015-11-15,16.212767490547588,46.77988490867766
2015-11-16,11.6138299514412,47.564042521132116
2015-11-17,14.337546890836704,50.4320721284496
2015-11-18,15.429661285868338,46.85279909116816
2015-11-19,11.815549075309065,31.049676481507316
2015-11-20,12.923051368830851,44.14591569264134
2015-11-21,11.39736498917414,51.29734892063774
2015-11-22,12.2884393834431,50.225075256357655
2015-11-23,11.919754239442268,46.787283394102616
2015-11-24,12.208597584235086,51.60777279036867
2015-11-25,14.375402627959076,45.3496233236402
2015-11-26,11.27266695103231,57.8179031739646
2015-11-27,13.205392772801677,41.18176201981375
2015-11-28,13.270567355479885,53.22593006406974
2015-11-29,9.372229586560584,55.31774857312545
2015-11-30,11.085864495240617,45.38017329613889
2015-12-01,13.833159143308865,51.935368440417434
2015-12-02,13.72053605055895,51.612159424863705
2015-12-03,14.46812109119679,48.26462586319408
2015-12-04,11.409136598035124,47.95101368980357
2015-12-05,9.89758403709774,51.97749340837393
2015-12-06,10.75284974905224,53.10565632532334
2015-12-07,11.29415215985923,56.82613897263991
2015-12-08,10.886381503976436,55.77642770280959
2015-12-09,11.124444498361031,45.80902681324375
2015-12-10,12.98524259014526,49.6553429173668
2015-12-11,9.61553581702162,57.08036083746649
2015-12-12,12.018574167715428,59.63794516642588
2015-12-13,9.452398830960265,54.8629789647818
2015-12-14,12.075117684037831,60.98983125481482
2015-12-15,11.557762552623728,55.03200248417423
2015-12-16,7.782608375085814,48.3941427469111
2015-12-17,10.949036724247934,39.394036032352304
2015-12-18,7.076682250479202,57.765492795828806
2015-12-19,13.008796889609508,56.107023978548014
2015-12-20,12.956126697638174,45.6153937035113
2015-12-21,11.196779358162342,60.01274066008672
2015-12-22,10.27055458359822,60.03693193130624
2015-12-23,7.2150276990336915,56.13481734438771
2015-12-24,11.532495996398564,55.5837220224414
2015-12-25,10.241662984164229,53.00043140127754
2015-12-26,9.945346598581471,60.61888469415075
2015-12-27,12.670637606933553,57.131357364194784
2015-12-28,8.050986664638685,51.648269895622875
2015-12-29,11.245873801754643,61.637628585298216
2015-12-30,8.43701668942705,52.60656649575022
2015-12-31,9.526091085042372,59.28154388726897
2016-01-01,9.569916078799038,59.88467329031024
2016-01-02,10.371132579803318,57.236253049316
2016-01-03,5.838466921261485,62.3063158888492
2016-01-04,6.164835725841225,63.37053574137897
2016-01-05,7.036827455714558,58.191248610177816
2016-01-06,12.135282526348316,63.3052655211702
2016-01-07,9.274562362225456,60.717230922418786
2016-01-08,10.971398747633257,62.749655387793354
2016-01-09,7.250991578542907,64.29587707160624
2016-01-10,9.303390623343024,55.109803380637075
2016-01-11,14.145196169386699,63.51096561455926
2016-01-12,8.410361918111771,55.65651883507585
2016-01-13,11.791136536232544,56.05673595987915
2016-01-14,11.049384983980318,61.896253112344695
2016-01-15,7.621708726084325,60.01928336958126
2016-01-16,7.407509052754147,67.62884412233193
2016-01-17,11.921995013306404,63.929939543530224
2016-01-18,10.724646155697265,65.55086375934243
2016-01-19,7.435614433261005,65.7943840073733
2016-01-20,11.047297774100787,65.76827323127141
2016-01-21,9.958511213449933,65.50952836830568
2016-01-22,11.131951637747429,60.81653467400641
2016-01-23,11.657894807201222,73.9226379149242
2016-01-24,8.81487099793646,67.52511478730423
2016-01-25,8.562879310312445,66.04901436273504
2016-01-26,10.477056468342045,63.58358407056701
2016-01-27,15.995141005386088,67.58965814057544
2016-01-28,11.795322095223836,66.7742995929703
2016-01-29,12.287625720476717,72.45327655477276
2016-01-30,13.959947588747358,62.703359227734595
2016-01-31,9.802595034868787,62.60041302801119
2016-02-01,9.335167508406128,63.93564001718055
2016-02-02,12.27197247068445,60.87462808976998
2016-02-03,11.23957171765345,71.21190083668938
2016-02-04,11.278181169880247,63.800449452103294
2016-02-05,11.685990060493763,62.29553961472261
2016-02-06,10.673106973813118,69.83126343284337
2016-02-07,13.425379893439207,66.09275396068664
2016-02-08,11.79693273917365,61.03289513314139
2016-02-09,10.363057155746576,79.5959468159099
2016-02-10,8.066125099548325,71.16705674930085
2016-02-11,12.500470121635784,74.881446245138
2016-02-12,7.481776448092524,63.02250433365566
2016-02-13,14.185830768133085,75.55390458787176
2016-02-14,13.134105437878539,62.47812640330522
2016-02-15,12.912632231829134,67.32424560016132
2016-02-16,12.274450026843923,69.64148447425563
2016-02-17,14.095917307333345,63.35640338764923
2016-02-18,16.957320090054676,75.98279639812837
2016-02-19,15.676110750409926,72.36773480629674
2016-02-20,13.613539659013558,69.67007425751305
2016-02-21,13.221011930215747,76.55087711589601
2016-02-22,15.446317659783148,74.587135419715
2016-02-23,16.478125559959384,77.82172655738401
2016-02-24,13.652133373897243,74.41928370746949
2016-02-25,13.218502994953237,69.24221866704211
2016-02-26,20.34221661446134,70.28525302423738
2016-02-27,15.943527793333608,66.5919854065515
2016-02-28,16.813596637245368,78.58520475624714
2016-02-29,15.549511143282816,68.18184139444135
2016-03-01,16.522392482824856,78.40621893672908
2016-03-02,14.851793907421378,77.14311090684039
2016-03-03,13.81746191828999,83.11471208504594
2016-03-04,11.131254469963707,75.03442777165301
2016-03-05,15.081457142187897,75.87935512755165
2016-03-06,15.245822343400164,74.98905483027254
2016-03-07,15.136802224420087,79.57315550056971
2016-03-08,16.080300894335828,74.02510485513812
2016-03-09,18.200955073015017,76.04857693447047
2016-03-10,14.845394228741478,72.82781821658489
2016-03-11,19.379809770189063,76.98943800072549
2016-03-12,20.25274108316247,76.03810460865839
2016-03-13,18.74568502987462,85.89686269850502
2016-03-14,20.236699997784115,74.84120598992673
2016-03-15,21.98285991953381,75.20255966189423
2016-03-16,20.059578595916907,80.39662084683789
2016-03-17,22.599082608149516,70.16189197920968
2016-03-18,20.429893082024186,75.14421403133811
2016-03-19,19.826602084015747,80.08568468635275
2016-03-20,19.197125384551796,80.28034110658174
2016-03-21,20.834333224473752,85.34182213823078
2016-03-22,18.185295228232064,65.98483037137075
2016-03-23,21.915541684286712,76.2139347658785
2016-03-24,18.25937119092967,80.57509686585364
2016-03-25,19.81231231954808,83.42972518321109
2016-03-26,17.330555368410767,75.14219610270186
2016-03-27,21.258950564268687,81.94147673920055
2016-03-28,21.097246116137875,76.92616607537019
2016-03-29,20.336106217615047,85.35545200275325
2016-03-30,17.741119195894665,89.53238465169166
2016-03-31,21.157114175029974,72.1796560026468
2016-04-01,22.303816215278033,71.76383614312181
2016-04-02,23.95873553827374,74.15719894353381
2016-04-03,23.75421072342247,81.59911883047121
2016-04-04,22.118930580979686,82.21657721988774
2016-04-05,22.680090716523747,78.91048040685877
2016-04-06,21.955710835047093,80.74545847637869
2016-04-07,24.128274368446032,84.34299653455498
2016-04-08,21.828646925720978,78.21371010585068
2016-04-09,24.434692667717712,83.79128110657133
2016-04-10,24.192986409221035,76.60031899738132
2016-04-11,18.751455240743155,75.84466986199048
2016-04-12,22.229918634633272,86.31659626820185
2016-04-13,24.226978915846086,75.11824462926891
2016-04-14,24.230448231950575,72.30212762062999
2016-04-15,26.11069536411469,87.65587442081542
2016-04-16,26.554016870049498,73.93614197248992
2016-04-17,28.32300438252817,79.12935270943457
2016-04-18,25.339714518972762,86.64152629414616
2016-04-19,27.405059328066116,82.29787841716907
2016-04-20,25.9486267219302,81.3885367437553
2016-04-21,24.307742167697132,84.00353694301678
2016-04-22,29.30682380077841,82.1950020085268
2016-04-23,25.244216926945153,76.95872401792346
2016-04-24,25.247077362251222,86.74616161241443
2016-04-25,28.28535260586137,77.61653081492382
2016-04-26,30.673966964621457,87.62399531734874
2016-04-27,27.83230328683007,79.41862999479758
2016-04-28,28.8323265989956,86.58125123788955
2016-04-29,28.730948178490078,84.8010036362073
2016-04-30,24.950658655384522,84.59754636830803
2016-05-01,29.68449827012624,81.57539432997571
2016-05-02,30.036468034854632,84.47134319552116
2016-05-03,28.392469801308575,81.78117577302231
2016-05-04,29.18452898799892,70.81133889440112
2016-05-05,28.71726464416397,80.23694027836005
2016-05-06,29.003453495953476,77.5521607119538
2016-05-07,31.321009184760392,82.53900648768007
2016-05-08,31.15833413916946,73.30749711840694
2016-05-09,31.483260888012666,75.14393522324097
2016-05-10,32.15820165832629,80.057687193134
2016-05-11,29.013737739393218,80.56383262068081
2016-05-12,34.111758501020475,67.12454954689063
2016-05-13,32.93674158155934,76.93061753145969
2016-05-14,33.77329460786343,73.85117676427518
2016-05-15,31.99830120797154,74.69833478206797
2016-05-16,29.738263561573252,73.7490468173101
2016-05-17,31.756030271022553,80.61134385075489
2016-05-18,31.155362309780916,74.96698831504754
2016-05-19,32.48601832207748,75.4252965535169
2016-05-20,30.70532891368971,79.50308316623936
2016-05-21,31.531681234300766,74.29318890236584
2016-05-22,34.13459591384274,78.01016639156491
2016-05-23,34.00516798819914,77.05011655898765
2016-05-24,34.06021916962517,65.79235752370653
2016-05-25,34.37386808280076,81.17773449357158
2016-05-26,36.23107180624817,85.23826507007703
2016-05-27,30.369180836898266,72.16419583713883
2016-05-28,36.13939484234825,69.27750345735986
2016-05-29,35.6080883522114,70.24295096752866
2016-05-30,34.11341893048934,70.81867426723471
2016-05-31,37.486535486973104,81.43869261040969
2016-06-01,35.091905663314634,72.64486306738593
2016-06-02,37.10901498525003,71.84687577886073
2016-06-03,33.05471209811278,69.08651587582983
2016-06-04,34.43630289334235,66.36091245222318
2016-06-05,33.332144503196794,72.35368799894412
2016-06-06,34.91462786899937,78.33221315977505
2016-06-07,36.19988892320533,67.00753949986841
2016-06-08,39.481524012246304,77.33714575580088
2016-06-09,35.86200648353209,74.93395496173856
2016-06-10,40.24422637425027,70.39881033286916
2016-06-11,35.42027429218826,80.42821631863542
2016-06-12,34.68242803944287,69.3858533049409
2016-06-13,40.93142425587216,61.588822677771226
2016-06-14,38.926213090333874,66.88792025034775
2016-06-15,39.508329156381166,77.80236675722901
2016-06-16,38.89697871383776,72.7985642404765
2016-06-17,37.72592198072107,79.62202031106858
2016-06-18,32.74185246004808,74.07518261197617
2016-06-19,41.17517584048715,80.13110043182763
2016-06-20,41.514940716132266,67.28693781598973
2016-06-21,40.842511306469255,69.45266866822578
2016-06-22,41.73634456506582,80.89646289822284
2016-06-23,38.807381823462165,68.64770333721799
2016-06-24,38.97420101465276,56.3288237717823
2016-06-25,38.85205704281122,76.39459394883988
2016-06-26,38.474035656009086,68.28842307851116
2016-06-27,38.92154266084076,69.8499967310757
2016-06-28,36.42412157510793,76.65156397222282
2016-06-29,41.050088546923206,63.62533197520215
2016-06-30,36.60105339994905,73.43057246655997
2016-07-01,33.330125357071836,74.69964500985388
2016-07-02,39.71205268013277,74.30805424203308
2016-07-03,38.106506065322186,66.22805068280803
2016-07-04,40.84285191358991,68.56589576816988
2016-07-05,39.6738554083118,63.26932964504618
2016-07-06,42.10207144054473,61.90569142522331
2016-07-07,40.617258091390504,66.32102090871523
2016-07-08,37.90919944104919,67.81293798674854
2016-07-09,40.12782697095931,66.34904924634264
2016-07-10,40.681995976436056,68.69058142755831
2016-07-11,38.02482248510055,60.831834666061035
2016-07-12,35.942772259779744,55.47129316375457
2016-07-13,39.55891603180142,63.304544797654536
2016-07-14,36.81339121304075,62.30665345648994
2016-07-15,38.815119679095396,63.70976341141551
2016-07-16,42.73512003872915,66.79484299299308
2016-07-17,41.769534803375564,68.93110145512456
2016-07-18,45.04981093168117,56.31230108861602
2016-07-19,35.599426382251565,63.91851846899242
2016-07-20,40.461209759252625,62.840467250256395
2016-07-21,38.84283243054184,60.52755542513763
2016-07-22,41.363345303261845,58.17698790302779
2016-07-23,42.57220296366707,58.20564285906236
2016-07-24,37.2703113661514,51.29081824767424
2016-07-25,40.221660658044,65.13205946433204
2016-07-26,42.00911488010948,59.194955560870476
2016-07-27,39.763978749177134,59.29423131382544
2016-07-28,39.62790375160803,62.62659313184409
2016-07-29,41.9733201106672,58.376112781923176
2016-07-30,38.80001991911584,53.06278715291389
2016-07-31,39.40072513014514,52.82286968806477
2016-08-01,36.721711090414345,53.74546737358183
2016-08-02,39.33300685484338,65.44371326799954
2016-08-03,41.00044845389809,60.256514852794474
2016-08-04,39.007518714741316,56.336253520704076
2016-08-05,39.08383807621204,49.46734302188527
2016-08-06,38.84279398964057,57.31412318437642
2016-08-07,42.47630285041959,50.56575812642376
2016-08-08,38.267839108066894,54.809023766926046
2016-08-09,42.50400413395304,53.33982646136403
2016-08-10,37.951662167917156,62.052700592798246
2016-08-11,37.950810276717846,57.43970147343037
2016-08-12,38.65201993841426,63.89177448218626
2016-08-13,37.79496438671272,54.342909083603466
2016-08-14,38.03271502304354,49.19904763093595
2016-08-15,40.96310623888851,55.37611176869678
2016-08-16,41.17364035260705,55.48482823543433
2016-08-17,41.85685996477026,51.38102958473925
2016-08-18,40.55179624498154,51.15383705655888
2016-08-19,35.886429728467306,56.186359566264414
2016-08-20,37.72112154005125,49.539308197144166
2016-08-21,38.385219645323374,51.58581907027655
2016-08-22,37.09972393510752,58.572737725733745
2016-08-23,37.408424294656314,41.7513394922224
2016-08-24,39.16335388627641,54.83600232773982
2016-08-25,38.346993284480334,47.99065017556132
2016-08-26,39.683577440247284,50.442313705031
2016-08-27,37.07371059243835,41.65845198363054
2016-08-28,38.92501731630055,49.62093485467181
2016-08-29,39.39673186125342,41.61460803316733
2016-08-30,33.952544643492345,46.609983353673755
2016-08-31,39.621130587435665,58.09426600271821
2016-09-01,37.825658730540745,44.767979768224386
2016-09-02,38.42616273160127,48.509080532927776
2016-09-03,34.655910669824735,54.984954599453545
2016-09-04,36.085941552027165,50.03071280851125
2016-09-05,38.197918289028685,53.332736254195225
2016-09-06,35.14505686888734,48.861435617639636
2016-09-07,37.83003628887038,48.878425691670245
2016-09-08,37.3296000352126,41.55700455219868
2016-09-09,35.03717099181492,53.983042446123314
2016-09-10,33.757692724188814,42.224943176183515
2016-09-11,34.638306528602875,38.827174209974345
2016-09-12,37.99965770213496,49.90019322682975
2016-09-13,34.80391136162936,38.90947147179659
2016-09-14,33.62341811319894,41.41617500197668
2016-09-15,32.92454890339038,42.7875797883571
2016-09-16,34.03223669222222,49.415920545464225
2016-09-17,33.57742339746152,43.101854999933124
2016-09-18,38.56911725846554,42.57889415757944
2016-09-19,36.81959338468773,45.28151807138134
2016-09-20,37.90589317660195,43.571100525701695
2016-09-21,33.23807751477761,50.47948033813032
2016-09-22,34.825977411888026,39.370430331690194
2016-09-23,36.22833309095044,45.03320227994338
2016-09-24,37.60460724944535,40.403156263114695
2016-09-25,32.938556970464006,47.92082099744391
2016-09-26,31.475500694886232,39.72067564619392
2016-09-27,31.851624052823087,46.07052326834914
2016-09-28,33.05408668169494,49.33538143815322
2016-09-29,30.411237276843252,48.7446045978616
2016-09-30,34.964944880271965,49.156757568455625
2016-10-01,31.599917738244844,35.00495669767799
2016-10-02,31.1540509856269,34.29036318083275
2016-10-03,31.701770370008926,35.26860996766485
2016-10-04,30.514388206048512,41.45712097583886
2016-10-05,28.233089334772995,45.881883159334215
2016-10-06,31.518046029501246,46.706516872700696
2016-10-07,30.6281135256436,41.08625705215046
2016-10-08,29.87017639199622,39.90272424581357
2016-10-09,30.916703743220157,31.015295887308582
2016-10-10,32.13228512542329,37.94257267712838
2016-10-11,31.68359316426527,34.12066419592573
2016-10-12,28.849248493168368,41.33886961133172
2016-10-13,30.148846138928953,43.177342225113236
2016-10-14,32.025970467415284,38.94793329101782
2016-10-15,33.24122508446747,39.2751166324622
2016-10-16,30.043900473506042,47.616885787559696
2016-10-17,29.376680062780387,37.55712170483882
2016-10-18,27.98126634173139,44.19132836822959
2016-10-19,30.420162729560346,40.310515046409726
2016-10-20,27.714371817348955,37.17111009322356
2016-10-21,29.680965060019282,43.86715520049692
2016-10-22,27.391398713313365,41.99517717944278
2016-10-23,25.683332321095115,41.18678981591607
2016-10-24,22.47662156024889,32.441932652292195
2016-10-25,22.797800745954074,35.814401343395446
2016-10-26,28.81523718709815,47.26478456187063
2016-10-27,24.280414027049005,43.483692077103356
2016-10-28,27.23295752537016,32.95307756086224
2016-10-29,24.785093848821536,52.448428468419436
2016-10-30,23.2200975892548,32.306219368961166
2016-10-31,24.361312790884675,34.183012715825505
2016-11-01,24.346291347655534,46.20332554040838
2016-11-02,24.8097051017477,37.18469581393701
2016-11-03,24.13940792829239,30.673833414473098
2016-11-04,24.027743526218785,36.91418881931904
2016-11-05,24.885300010443263,40.41531325709528
2016-11-06,22.668897438410223,39.40386154243119
2016-11-07,23.09107535779726,36.14097127962188
2016-11-08,22.096507908960735,45.24170901090582
2016-11-09,22.525325701617582,34.796956978986756
2016-11-10,25.623466829561913,39.199787824848016
2016-11-11,21.9260490613975,40.38516768504439
2016-11-12,23.220789864452854,25.812661018898574
2016-11-13,24.4822530461261,48.48119369965053
2016-11-14,24.10925989243938,38.515639936754354
2016-11-15,19.58320840942813,36.65922572842061
2016-11-16,20.463848478592006,50.89506341794028
2016-11-17,18.724729428035157,36.89066164606772
2016-11-18,20.123675294529324,31.734178309560985
2016-11-19,21.570243570760287,39.11427716525915
2016-11-20,18.905631711981126,46.42434946626018
2016-11-21,17.466766983564074,39.78223126191825
2016-11-22,20.578346134646882,35.60692458431516
2016-11-23,23.745655908186738,45.37247176019488
2016-11-24,21.516007216650713,43.624596143342956
2016-11-25,21.41053295716043,32.47486290175698
2016-11-26,14.429152777515641,39.075232869147655
2016-11-27,20.575905753221036,43.405928081051854
2016-11-28,17.71850092844653,48.67119721973671
2016-11-29,17.64071529445786,42.0485880661819
2016-11-30,18.781777746804874,48.0123975838173
2016-12-01,19.643456479669013,44.650649352592836
2016-12-02,18.52855901070569,46.99606030186809
2016-12-03,16.674413681339253,36.986522387679436
2016-12-04,19.224845829227576,46.223775005599066
2016-12-05,16.973211400192426,43.298005417719864
2016-12-06,18.347664348327374,36.695635392010004
2016-12-07,19.009266022557807,40.91787631350423
2016-12-08,13.616069276652055,44.68784591137823
2016-12-09,20.285907631297775,45.209223866860704
2016-12-10,15.294846338544383,38.92491663810914
2016-12-11,15.910553645291454,45.07148616694409
2016-12-12,16.584700680871368,44.35325760718797
2016-12-13,14.013212898427671,48.339259316014434
2016-12-14,16.683478957404148,36.60996588485415
2016-12-15,14.178508841912949,48.312645189209235
2016-12-16,10.749577141848711,37.97101039914381
2016-12-17,16.403593024478873,48.11958720899638
2016-12-18,13.466559387252087,42.32509510493231
2016-12-19,15.399652066031452,44.71068408234555
2016-12-20,14.226264301350916,48.18703800034835
2016-12-21,14.603654075513482,49.19206498768733
2016-12-22,12.387627707957346,49.265399177048785
2016-12-23,17.050451194847522,37.33016428002016
2016-12-24,8.99370067411176,44.74556767026422
2016-12-25,16.357415780207575,43.82435329162216
2016-12-26,13.984077277710803,43.7962957256094
2016-12-27,15.079531260678403,50.261749751002505
2016-12-28,11.317924631263953,48.86462051609448
2016-12-29,15.171707726344808,49.02316684308025
2016-12-30,17.086457049708855,45.52544127952078
2016-12-31,14.01888410800006,45.77283259629651
2017-01-01,10.202678588108427,48.34836972930849
2017-01-02,14.348407666153074,52.99223582263056
2017-01-03,12.096808816753569,49.19854568472919
2017-01-04,11.703252929530278,51.561555863824786
2017-01-05,12.776991596987651,51.16523742357528
2017-01-06,12.045672549313883,51.61575240573921
2017-01-07,9.63965924901775,39.634057368875844
2017-01-08,12.696252571028662,46.92881802725509
2017-01-09,10.32937392250421,46.38978001481266
2017-01-10,7.756950115282716,45.2688417418088
2017-01-11,10.43607563732109,57.74458128452183
2017-01-12,13.108483140596519,51.95317090038891
2017-01-13,10.123186252378773,53.857966915834865
2017-01-14,11.494301715970874,60.83933573898957
2017-01-15,10.991976482628939,57.93698169972612
2017-01-16,13.330697042167998,46.25115477679486
2017-01-17,14.07576287780962,48.9463860822014
2017-01-18,10.263516415069436,59.41694109328877
2017-01-19,12.71681669516118,59.43762921137478
2017-01-20,12.21514511202196,48.10676182830129
2017-01-21,16.112205496176742,49.26670812945007
2017-01-22,13.475035703637593,63.87031374765343
2017-01-23,10.285221834453319,47.40385999310777
2017-01-24,10.621726919339277,48.80652773343104
2017-01-25,10.924183291624924,51.983909786331274
2017-01-26,8.935111456570885,62.87113976524563
2017-01-27,10.421560892801725,56.39212002194947
2017-01-28,9.624959803393581,49.35722381464677
2017-01-29,7.262159475154997,60.964023208716306
2017-01-30,10.564582682992986,57.35406553859831
2017-01-31,11.40338041511267,56.47256489803421
2017-02-01,8.45605135941279,70.12371120811952
2017-02-02,12.242971922499176,56.268915278201696
2017-02-03,8.28207717192052,57.658744003040454
2017-02-04,10.505774519083333,60.19912161177757
2017-02-05,9.824702032921927,65.54398811985672
2017-02-06,8.337772932546564,66.44628094204562
2017-02-07,11.027469201860859,59.71330757145098
2017-02-08,13.58431849946074,58.225604553533735
2017-02-09,9.778927301596559,62.175792844629505
2017-02-10,8.722580433047492,61.3113900369252
2017-02-11,10.897512056709266,65.83210009905095
2017-02-12,5.161835526837105,59.09179987208279
2017-02-13,8.854072419088393,55.26743794958074
2017-02-14,13.664156201164158,67.0395004640344
2017-02-15,9.387881988503201,64.89784986953238
2017-02-16,9.70086738422593,58.1818860789253
2017-02-17,10.134947384807669,55.90288751946918
2017-02-18,10.615043675414228,60.07225234482657
2017-02-19,15.401083747336244,65.48455671126804
2017-02-20,10.716494425098984,64.8392809976341
2017-02-21,11.08160382371711,61.97659397413708
2017-02-22,12.241990784560407,57.35737166617278
2017-02-23,6.630344024170185,65.23267917760872
2017-02-24,11.784375631800515,57.03600739190199
2017-02-25,11.246637777344931,69.2983467901758
2017-02-26,14.64771916790113,70.30519743466428
2017-02-27,6.948960492570139,67.5304333128112
2017-02-28,13.236990270727826,65.02025771144542
2017-03-01,5.457979311486286,72.78432841072497
2017-03-02,11.727631558852364,64.77862959969089
2017-03-03,9.819931281767236,79.38741770150952
2017-03-04,11.708036555993777,60.84520808553796
2017-03-05,14.22411542835967,64.23862864866234
2017-03-06,11.66812181925527,66.70034904565097
2017-03-07,12.033108093183003,69.4430957430027
2017-03-08,13.429048158351527,63.78929418415602
2017-03-09,10.956406347040291,68.60350916426421
2017-03-10,12.54544108748806,73.98375309447405
2017-03-11,11.414501780080435,63.3904443619609
2017-03-12,13.667545159619939,68.58232632430544
2017-03-13,9.75854648797585,58.26290133381286
2017-03-14,10.812299990538488,72.67304800290327
2017-03-15,11.259319568903575,65.62046547944426
2017-03-16,11.827288475908247,70.04657484794457
2017-03-17,10.7165232138818,69.66200197009056
2017-03-18,13.575583711096979,66.22834851523096
2017-03-19,15.034434506242103,59.673078796859656
2017-03-20,16.023833897262307,75.48307014457158
2017-03-21,15.247037269747798,75.11611844781031
2017-03-22,13.34318524423826,77.166819229168
2017-03-23,12.010532469917106,65.9575388246444
2017-03-24,14.557734777450293,78.29350680573025
2017-03-25,9.87609092362186,71.19738215579197
2017-03-26,17.34901471615361,75.83390680641662
2017-03-27,14.861212442467073,73.75557161032985
2017-03-28,13.211459079414219,72.92817732583089
2017-03-29,13.717158247786628,65.14849519501772
2017-03-30,16.328951947112806,77.44774345467086
2017-03-31,13.448259789670695,66.1797713992176
2017-04-01,15.65786521566187,72.3244703554497
2017-04-02,19.241345716644066,66.9065891272177
2017-04-03,11.598175325393788,78.94777397313757
2017-04-04,13.208260118718865,77.74396569651988
2017-04-05,16.93378334678369,75.49490283164329
2017-04-06,14.812823453518803,75.36762018349839
2017-04-07,16.219868391323484,77.02101001798059
2017-04-08,13.186056959004208,78.45331701340704
2017-04-09,16.20801556692785,72.69959231487596
2017-04-10,21.03035504449758,79.44853766096871
2017-04-11,15.107808693139503,73.13167537897806
2017-04-12,16.397854124440094,79.5805154579864
2017-04-13,16.957610633852497,77.15092191298876
2017-04-14,17.126526164467705,69.54643145882861
2017-04-15,15.974478095314547,78.87210209754431
2017-04-16,17.303995096837948,76.22339856024598
2017-04-17,19.38899180070444,80.60018438306133
2017-04-18,16.665724517814013,85.88207656680353
2017-04-19,19.204210727149043,82.43092895825905
2017-04-20,20.063429999654936,85.33153898288856
2017-04-21,18.482944047048957,74.63686067729648
2017-04-22,16.686148493442293,71.06665758123181
2017-04-23,19.31266335015704,80.9855308295185
2017-04-24,19.003975268093857,88.10360493838245
2017-04-25,15.88644451366315,86.59926559349564
2017-04-26,16.84928070782213,74.9800677692512
2017-04-27,19.87097793263458,83.22075642473308
2017-04-28,16.214523235191088,74.11820785559851
2017-04-29,16.91832817964097,82.92625619372066
2017-04-30,25.551937738070365,82.42291403979833
2017-05-01,19.623373601320253,72.90820948153844
2017-05-02,23.36539490973897,78.98616365209416
2017-05-03,23.586793922003544,84.98257447300387
2017-05-04,21.976509809827352,81.43806579761925
2017-05-05,17.782908034855147,86.80406901446806
2017-05-06,23.091741692850626,85.78610066945633
2017-05-07,21.424109068992237,73.0944502841909
2017-05-08,25.472838713684155,82.87548011166727
2017-05-09,20.277841886194363,78.1396882077393
2017-05-10,23.891548516840913,85.65483426098356
2017-05-11,20.387458502987712,84.56534974939262
2017-05-12,24.737445512846485,82.91905558489796
2017-05-13,24.53620545648233,77.89962979346978
2017-05-14,20.648348392346506,77.27775538827152
2017-05-15,22.01693707757609,74.10394122555951
2017-05-16,25.35996415294651,78.722349659493
2017-05-17,24.408395999241144,81.11641761736554
2017-05-18,22.103079493419756,71.43586882715692
2017-05-19,25.036337786786472,77.84435642416287
2017-05-20,21.749950536935458,83.09525977254043
2017-05-21,23.13608185263872,82.06137107021713
2017-05-22,26.528943872207346,80.92659886830319
2017-05-23,25.16498429556614,79.75693497634121
2017-05-24,27.840845677666568,85.658817519239
2017-05-25,23.598807209781096,73.11840715321854
2017-05-26,27.702642826935907,82.55794283898356
2017-05-27,26.37035869788146,83.671110191552
2017-05-28,25.435069877605276,77.56648043380311
2017-05-29,27.428915708232417,83.3915886811148
2017-05-30,28.767485188207218,77.61785551726055
2017-05-31,29.521934544783594,77.49810654403947
2017-06-01,28.688199551009127,76.07078460686807
2017-06-02,31.518343717515563,73.75038342756179
2017-06-03,30.8497368696129,74.91945583606257
2017-06-04,30.85846476363116,84.44547357295644
2017-06-05,29.96672265598609,86.58591753902763
2017-06-06,27.40745997144133,71.38468474202847
2017-06-07,28.251298137776605,68.55938823442185
2017-06-08,29.025135679134674,86.45092204012826
2017-06-09,30.420016900480707,85.39901914401912
2017-06-10,32.542939080745406,82.63007617023803
2017-06-11,30.24973179117374,81.49731928795337
2017-06-12,28.09062431056551,72.94691447544396
2017-06-13,31.09828791471864,78.3482127589804
2017-06-14,28.487463340370525,79.5455937724459
2017-06-15,31.028907534113696,73.22498700042607
2017-06-16,30.270040577336253,81.70390371271041
2017-06-17,29.23794860517507,79.45564644009382
2017-06-18,30.105081946107102,78.59020215143566
2017-06-19,32.46574786570592,90.80846407224773
2017-06-20,34.616935158101136,89.26687403354133
2017-06-21,31.921754326821684,75.62163591709795
2017-06-22,31.69605460872435,73.76782430660721
2017-06-23,31.630170695029168,72.02604048982802
2017-06-24,33.30292720589931,71.76391795125663
2017-06-25,33.95227755071423,77.07054460851731
2017-06-26,33.55991299553257,69.31605740429721
2017-06-27,30.828755521943187,80.56454146066338
2017-06-28,30.85244608724561,73.02797626001504
2017-06-29,35.76073826416885,77.92109738797245
2017-06-30,32.694434542718255,76.84873659829775
2017-07-01,36.87759204349276,77.15992528945455
2017-07-02,33.18549752996941,74.09353241612313
2017-07-03,30.55863679854181,83.55624404024002
2017-07-04,33.942271674352945,81.08987515897411
2017-07-05,34.683678975914546,73.63319255102279
2017-07-06,33.2853768412278,75.64614339482134
2017-07-07,34.26127650313969,71.05228740212449
2017-07-08,30.64711290764697,72.08145530379679
2017-07-09,35.44356254759612,79.9576386674561
2017-07-10,34.464186296063914,73.48906594887315
2017-07-11,36.496399915549205,77.87038543713419
2017-07-12,36.20446402352067,77.04733269681898
2017-07-13,33.5434152607107,77.33008875824139
2017-07-14,36.44663508695793,72.9168588662937
2017-07-15,34.98033868208465,77.03398424850752
2017-07-16,39.325555219169814,72.00042160425281
2017-07-17,38.470646847756456,61.225420401826234
2017-07-18,39.219559407339645,82.70174317169861
2017-07-19,33.606306666860355,65.50466358432502
2017-07-20,38.01639161981396,68.72440563397586
2017-07-21,39.53766437913278,60.855543820972194
2017-07-22,38.764431032196626,71.01156065591638
2017-07-23,40.83889747648324,75.71059495905156
2017-07-24,40.099952167832086,71.30993170818428
2017-07-25,34.41826853874472,64.35508069639847
2017-07-26,35.64575047453626,74.22814444896316
2017-07-27,38.539913217948445,72.07754007189352
2017-07-28,37.84718693984995,70.71157383262691
2017-07-29,39.094591553779395,72.47724137608108
2017-07-30,36.715402064914194,63.01062670289594
2017-07-31,36.408905635034486,69.69388750293427
2017-08-01,37.186259881620856,65.53522700040955
2017-08-02,40.81530036622611,74.13410343309926
2017-08-03,38.94922939936153,56.54881274485369
2017-08-04,37.96447217255423,60.690571259009964
2017-08-05,39.92985847581458,66.19344350980482
2017-08-06,40.8927834941221,62.67826645891765
2017-08-07,39.921370124366035,68.03103556669346
2017-08-08,40.655637136182605,57.32472627946544
2017-08-09,34.86338793526799,54.51697925872084
2017-08-10,40.865813235761394,57.449083924416335
2017-08-11,39.76502821251359,67.409738283248
2017-08-12,38.42066117357871,70.41795000991613
2017-08-13,39.17746233878153,62.22756492031259
2017-08-14,39.568102224156156,66.79434259566779
2017-08-15,41.24292832245929,63.33525005186046
2017-08-16,40.37640891686936,68.21649245715368
2017-08-17,38.14744158913726,67.37429584747544
2017-08-18,41.96336662421317,59.128792734185225
2017-08-19,40.541777324792655,58.509958011335286
2017-08-20,44.63165214460261,67.30625859028451
2017-08-21,38.496230582988545,71.38798746513913
2017-08-22,40.22125365400915,54.63659223859472
2017-08-23,41.3477927743558,71.52133019536468
2017-08-24,41.380475766614246,61.898773245999166
2017-08-25,37.44140455637883,56.1602946601826
2017-08-26,38.46507468680459,59.75528975816578
2017-08-27,42.09452285727077,63.40352817447256
2017-08-28,36.75438860624638,65.94670946241978
2017-08-29,41.53481607444057,51.197594363546884
2017-08-30,40.31931047955459,59.39772645338299
2017-08-31,39.5402705326402,60.02778087844539
2017-09-01,37.38296731886567,55.93465568690423
2017-09-02,38.74002539609744,59.905757200141906
2017-09-03,39.378061690936,51.96073502404526
2017-09-04,36.41730031830091,55.888819530525026
2017-09-05,40.39363009750256,50.890672839824305
2017-09-06,38.28663709312981,56.843941499668055
2017-09-07,40.46362766336166,61.16928116113703
2017-09-08,42.793718247905566,50.3790384498922
2017-09-09,41.403529397125446,57.70592495885201
2017-09-10,38.059385487718345,52.890299936932536
2017-09-11,35.99130330968591,57.206983364300704
2017-09-12,41.10325808917929,49.522853797372036
2017-09-13,37.330751679986065,58.95197101315968
2017-09-14,39.71564498376933,43.90534999055106
2017-09-15,35.79314243229981,57.04629284606937
2017-09-16,35.197524491710965,53.19037289192459
2017-09-17,41.36988587609517,47.62914534390889
2017-09-18,41.097614473771635,51.79160777042477
2017-09-19,39.00313195076925,54.964906756895424
2017-09-20,40.30817693696737,50.494124444775395
2017-09-21,39.667712987422334,52.19814756492605
2017-09-22,40.62935240910149,53.48003650542477
2017-09-23,39.1673496994578,52.37467961412569
2017-09-24,35.132698700290355,63.90755051422843
2017-09-25,37.590193431737426,55.4907411584087
2017-09-26,38.22572231836299,42.474958629508905
2017-09-27,34.751201875783686,57.13005891716183
2017-09-28,39.12430646857923,48.35513757819877
2017-09-29,38.61984462380699,52.92231429352876
2017-09-30,37.148916421604724,40.50121536633751
2017-10-01,38.43674541067331,53.577835031803204
2017-10-02,35.28623295608901,53.410015000315354
2017-10-03,35.89644179195833,51.21892448052931
2017-10-04,34.13333649393258,50.046317784239235
2017-10-05,40.190052824760954,43.37082171197722
2017-10-06,39.43657339950971,55.96468786384744
2017-10-07,36.41990472845937,45.53227005200669
2017-10-08,39.3091440508853,48.93163968437468
2017-10-09,33.11418784138939,48.23267144038013
2017-10-10,35.15439253808646,53.12967895223557
2017-10-11,34.43840861807241,48.52833059158692
2017-10-12,35.65390321695406,53.15906306237032
2017-10-13,36.631584503671114,43.89271826096899
2017-10-14,29.833873703888475,50.526247606327615
2017-10-15,35.493504436528305,37.282144072587826
2017-10-16,37.32642500809461,42.813266065153144
2017-10-17,40.17590509673706,51.81094428901877
2017-10-18,31.56732142085711,54.49650966727198
2017-10-19,38.00468589959478,41.95109945470408
2017-10-20,34.947561398233574,51.641865351679755
2017-10-21,36.626851165466704,42.54762070977564
2017-10-22,34.5341374284984,29.322088975013536
2017-10-23,31.73489830674776,44.23573179950251
2017-10-24,34.15900115204574,43.588313933295595
2017-10-25,33.130754692884075,52.68409375054791
2017-10-26,34.06562077648577,44.24624426695901
2017-10-27,36.02195420370643,41.20327527518264
2017-10-28,31.43207169776423,38.03546217714044
2017-10-29,34.77515913171069,43.9369187768323
2017-10-30,34.80175564555415,48.36156599808078
2017-10-31,32.52785638357526,35.54431048634696
2017-11-01,30.274085472695617,36.09505889707735
2017-11-02,33.57218739778826,45.95696780300889
2017-11-03,31.295248579033235,48.211717441733875
2017-11-04,30.55557998208534,35.69946467794067
2017-11-05,32.93834028768316,47.49796249473126
2017-11-06,33.2523742835165,48.2114658753148
2017-11-07,32.617073950344206,41.49215346510173
2017-11-08,26.407002548967526,35.19657163907742
2017-11-09,29.11609846019858,43.01140740118344
2017-11-10,28.715211485618383,46.70067538160674
2017-11-11,30.442813467072188,50.193649170137476
2017-11-12,28.45147502849306,42.292487958512886
2017-11-13,30.947442759770375,36.53282526036049
2017-11-14,32.08788323713121,41.38755979797936
2017-11-15,29.324804643017654,51.674431661805656
2017-11-16,27.518958283372136,41.65819024328763
2017-11-17,30.389764781789346,39.111674771071364
2017-11-18,27.74239425836256,33.985959673081005
2017-11-19,28.05032126631126,34.08885807057679
2017-11-20,25.896893204830622,42.432662369985856
2017-11-21,28.894515708429424,34.504801863654215
2017-11-22,26.335341827984745,49.73389385988945
2017-11-23,25.81535382041426,37.83791025016587
2017-11-24,27.403866693044108,42.43465661034101
2017-11-25,30.368625682331928,43.711266625796576
2017-11-26,28.082312706486952,43.93079695476461
2017-11-27,28.38524159755953,36.46310969370915
2017-11-28,27.88041262097308,35.39326479618298
2017-11-29,26.4831041438796,33.106492250438876
2017-11-30,27.16908864718527,45.57823728528792
2017-12-01,23.552098178727523,41.37685792993525
2017-12-02,25.791645852573097,48.28061672402809
2017-12-03,26.251185629874843,42.39092224553792
2017-12-04,24.309233071559376,39.340736564914614
2017-12-05,23.875191399091406,40.33226070500938
2017-12-06,23.496416238802983,33.67152415104839
2017-12-07,24.582410247097318,36.79279079717343
2017-12-08,25.58676015505354,33.98898654773563
2017-12-09,29.114089912969106,35.57420093911757
2017-12-10,24.61567606963538,50.79142088861094
2017-12-11,24.706888534988316,39.050208016760905
2017-12-12,24.400647855880123,42.4518820742335
2017-12-13,22.330727150517543,41.85398337158836
2017-12-14,22.916491850970665,45.26305748937864
2017-12-15,23.350791465641112,40.78648879202886
2017-12-16,22.168553478340094,36.5889844961328
2017-12-17,19.75676243492357,43.97053972338239
2017-12-18,21.933512210954763,43.42223644546617
2017-12-19,21.266321955975403,36.87815070217864
2017-12-20,21.062382298433498,40.915215008270756
2017-12-21,21.461160465289733,44.918119540666794
2017-12-22,23.336590712276514,38.01117863916615
2017-12-23,19.954645660450907,47.36116068069149
2017-12-24,23.7419516969558,36.410717024569635
2017-12-25,22.202142094775013,45.625990341577115
2017-12-26,19.59165155770188,46.51192451782969
2017-12-27,21.11110545021595,49.58616917746234
2017-12-28,21.439335303287518,38.34111295914733
2017-12-29,19.8623618496228,43.60702151952726
2017-12-30,21.57890861372471,33.330878104019156
2017-12-31,18.377857311904503,45.99520392911406
2018-01-01,17.71616758959194,51.898562541558846
2018-01-02,18.645627557241063,43.422275247711006
2018-01-03,20.998639788837117,36.76481574987761
2018-01-04,20.579533222761867,34.0018124429984
2018-01-05,19.066391928718456,39.66267989206334
2018-01-06,18.308709617115206,39.65270242289989
2018-01-07,20.17273852660228,41.06531687723745
2018-01-08,19.568511329814687,33.48924037136287
2018-01-09,18.08764873272555,41.53498948451192
2018-01-10,18.132485420618053,44.53481585670484
2018-01-11,18.460755395178033,47.05495414263266
2018-01-12,16.196616316539824,49.73995534164478
2018-01-13,16.14946691182181,38.837106405033424
2018-01-14,18.409448124554338,35.50451298116135
2018-01-15,15.938801665451214,46.1064962994163
2018-01-16,16.17014909359373,50.58554162827332
2018-01-17,13.32449274823385,49.347094000387514
2018-01-18,18.114529556163394,60.71205444516268
2018-01-19,18.230079939283673,48.599661314325004
2018-01-20,12.667325879377474,53.19875755644582
2018-01-21,11.278334533920201,43.47842837583335
2018-01-22,16.434476734654243,44.09128875459817
2018-01-23,16.028900050041813,46.890570921981684
2018-01-24,15.104401458143927,49.20999727183305
2018-01-25,15.292609487913031,46.214751301132026
2018-01-26,15.566305509435331,52.6598876089004
2018-01-27,11.597607188021735,41.65767432248441
2018-01-28,11.60525365076809,51.39853221979233
2018-01-29,16.256541369287845,51.820845362285134
2018-01-30,16.68156299076024,46.28572567112799
2018-01-31,13.906246667996399,53.63773674077146
2018-02-01,13.1107960667812,50.04563235962033
2018-02-02,17.82931650606794,48.92031257477452
2018-02-03,12.940176520584275,48.42802055253487
2018-02-04,8.637686350807066,52.69628107867301
2018-02-05,11.851189416053998,45.67810624359325
2018-02-06,11.397445509030334,44.80606532310114
2018-02-07,11.102533757313282,45.418576771007885
2018-02-08,14.003340260153406,49.11424953885584
2018-02-09,14.562384046442833,52.598298479968584
2018-02-10,9.818957594505989,51.72467342022942
2018-02-11,12.32777256802784,55.0603432368257
2018-02-12,13.930037835140894,51.66137036005642
2018-02-13,13.023548558693813,48.130588685056026
2018-02-14,10.970477193874114,47.37284738977374
2018-02-15,11.998572653244665,51.374166853365
2018-02-16,10.501871799747713,50.91723498684701
2018-02-17,14.357996426370764,53.2470230615215
2018-02-18,10.812429051851046,47.29499707101306
2018-02-19,9.786380682766938,58.85052323465305
2018-02-20,7.380833369155334,54.552431320650555
2018-02-21,11.125201526844624,54.62851832803638
2018-02-22,9.22613553159811,47.387529086540326
2018-02-23,9.151170517121143,49.10247814677405
2018-02-24,14.014141713966787,52.318142367333394
2018-02-25,15.365037226203267,42.800000227104555
2018-02-26,9.745326789283553,56.20654524846094
2018-02-27,12.392674351839462,47.02582715356432
2018-02-28,11.03527148323702,46.818910098834124
2018-03-01,15.221945119209785,56.00083905613157
2018-03-02,11.514088267580515,61.507835109084446
2018-03-03,8.296603337563333,55.232020914262584
2018-03-04,10.934774150857,56.90814542976088
2018-03-05,10.456341101971152,55.20454712243954
2018-03-06,13.173025893782572,57.27537996882848
2018-03-07,9.072773401810572,61.21254285406678
2018-03-08,11.085640913944866,48.99742843740859
2018-03-09,12.781491054958938,57.10787160654942
2018-03-10,10.839190546480317,67.95674311793162
2018-03-11,9.38003150682935,57.50027843403291
2018-03-12,8.167609913764545,52.8774591480085
2018-03-13,14.251178692045091,57.98793935302272
2018-03-14,8.337550686630637,70.72231534923061
2018-03-15,9.107574692710815,56.902111065718785
2018-03-16,11.77817972875705,72.32181011482281
2018-03-17,9.928049021592239,50.85035888156076
2018-03-18,12.196516613867619,62.5333740438655
2018-03-19,9.364866576724364,63.144561402621676
2018-03-20,11.112047690857242,63.08071661277705
2018-03-21,10.407946522986384,64.0705320456922
2018-03-22,10.129528684880288,60.89521114734381
2018-03-23,7.236353338026701,51.65518553979078
2018-03-24,11.9727216217326,69.43921629868254
2018-03-25,12.705672810720586,55.03586503174415
2018-03-26,9.801556702529775,65.22337837539192
2018-03-27,9.270461443723741,63.34340357746229
2018-03-28,12.61186647508884,53.167150432356955
2018-03-29,8.07764383612353,63.24595448502461
2018-03-30,5.479811546739082,64.28258550274718
2018-03-31,10.694458871406393,73.80114306309385
2018-04-01,9.365778867071812,70.05002315205999
2018-04-02,7.897857172656799,62.105735006244
2018-04-03,9.027848722617817,71.7075080392267
2018-04-04,14.248727262213254,68.89504922497937
2018-04-05,12.249649052196688,57.40109567159622
2018-04-06,10.547074380669418,65.54856927115199
2018-04-07,10.761135652699922,73.7446778096733
2018-04-08,12.05249147152367,66.21451467624095
2018-04-09,7.747242222373865,70.32123239399739
2018-04-10,15.512719350824527,68.97638825820742
2018-04-11,11.023775782335886,63.9393929544873
2018-04-12,9.626240120429335,77.83974436167667
2018-04-13,13.059285615473524,65.99602236992521
2018-04-14,13.8386448095799,70.66889469522557
2018-04-15,12.723297356891694,63.663111485130955
2018-04-16,14.296366209528829,67.6783992286215
2018-04-17,10.595616465313698,66.99857819220867
2018-04-18,7.497595636185601,74.72310238210719
2018-04-19,10.485946103380115,74.01925638856913
2018-04-20,13.950195846854875,65.22507251757929
2018-04-21,14.746780541662396,79.0917546655596
2018-04-22,12.87394397835513,68.51868797656634
2018-04-23,17.122804814020768,68.0730814448412
2018-04-24,14.753296274313023,65.88047922208199
2018-04-25,10.518370266195632,65.93556980296626
2018-04-26,13.21846956800504,76.99129731293985
2018-04-27,14.34815734254976,68.85970214101832
2018-04-28,10.553156704885899,80.53676106644765
2018-04-29,14.81885711248893,74.73723266503573
2018-04-30,15.468896106544083,66.84603016268346
2018-05-01,16.133187328348914,63.99838275513849
2018-05-02,11.743720047413653,78.26729307244251
2018-05-03,13.822665200816578,70.20226615999441
2018-05-04,18.175464199375625,81.56670375114831
2018-05-05,11.731158458044844,83.93984259664789
2018-05-06,18.187535948808726,73.15566150564412
2018-05-07,14.004210941356236,77.61472265467944
2018-05-08,19.90911611609106,72.84545462198848
2018-05-09,16.25707593488348,73.27636724009702
2018-05-10,14.604956747633363,72.28017664470617
2018-05-11,14.21238168859295,79.32610257180123
2018-05-12,18.785891201092138,79.83995027885966
2018-05-13,17.873403243284454,81.24507289842317
2018-05-14,16.483544297439334,78.77314429932393
2018-05-15,22.04224696675487,71.37444955731667
2018-05-16,20.771713545113915,84.72236044381896
2018-05-17,17.46780649561868,73.65527650072717
2018-05-18,16.317418768322565,84.02996104225788
2018-05-19,16.96661038688585,81.65016214844704
2018-05-20,15.524304698154268,77.68327651160473
2018-05-21,17.952193493692903,74.20960318941977
2018-05-22,19.30215058861374,80.82421719125514
2018-05-23,16.60753931644259,71.02756938281048
2018-05-24,18.884562180497834,83.15924106767442
2018-05-25,16.805471292500894,76.9093905462086
2018-05-26,22.35846176758926,84.30219614087586
2018-05-27,17.147762735755894,74.66470367829677
2018-05-28,15.026735845171299,82.47319729462578
2018-05-29,16.461304491711054,64.6654809906554
2018-05-30,18.766693685330868,75.0485181394347
2018-05-31,20.145686417339007,76.77284137360337
2018-06-01,20.382936935080455,72.4162246219916
2018-06-02,16.707218658873213,78.80214112320998
2018-06-03,22.749372312456796,77.84622924047501
2018-06-04,21.172422933675943,87.4408118847665
2018-06-05,21.349976918702062,73.76166380678
2018-06-06,19.75773768849827,69.21434368229136
2018-06-07,21.827964351189834,69.06537429745023
2018-06-08,22.355466076756954,84.03369122074827
2018-06-09,20.6112751907788,83.24435826071552
2018-06-10,24.001037759061568,72.64696696364811
2018-06-11,23.28652500587551,78.12259675640394
2018-06-12,21.63420175476363,82.9481835661917
2018-06-13,19.82959707179205,84.3593345979885
2018-06-14,21.492721001861597,76.41797547484315
2018-06-15,23.356483139397152,78.1192245545254
2018-06-16,20.32064785979856,88.98952672487577
2018-06-17,25.849131158638066,82.66103881876177
2018-06-18,23.93997218473064,74.76399950590785
2018-06-19,23.07523395848337,90.30932733650143
2018-06-20,23.325606139474676,83.42612934577073
2018-06-21,25.747883040164297,83.37281581968189
2018-06-22,23.493496639833406,83.30090943716435
2018-06-23,25.297527649930288,76.9487866953453
