Date,pm2.5
2015-01-01,146.95190523397923
2015-01-02,140.5898096699584
2015-01-03,131.54521212468055
2015-01-04,138.7631631535371
2015-01-05,140.84419748046201
2015-01-06,170.68500202604628
2015-01-07,142.16959455598388
2015-01-08,153.89717601381486
2015-01-09,175.47398109785223
2015-01-10,145.42677762209055
2015-01-11,199.207939680609
2015-01-12,142.3062452076677
2015-01-13,182.06415744855764
2015-01-14,144.2809685523363
2015-01-15,172.93298760656825
2015-01-16,186.46051154130484
2015-01-17,165.91213376858528
2015-01-18,140.78141468549654
2015-01-19,155.52854079841907
2015-01-20,151.94059572928722
2015-01-21,173.0450400654528
2015-01-22,197.20503905733875
2015-01-23,165.44526505040798
2015-01-24,169.87085418716475
2015-01-25,118.86016165128724
2015-01-26,154.04768919942617
2015-01-27,135.3892543398416
2015-01-28,156.79281757466939
2015-01-29,152.63150179876635
2015-01-30,89.41509763758964
2015-01-31,117.91297568515164
2015-02-01,187.48551704681486
2015-02-02,154.41907265365828
2015-02-03,97.83784332208135
2015-02-04,146.35799987822
2015-02-05,149.03686963760094
2015-02-06,128.03571648244048
2015-02-07,145.93738873187124
2015-02-08,168.96630112183846
2015-02-09,168.24271520422738
2015-02-10,144.69891022380736
2015-02-11,175.27530022026974
2015-02-12,161.65204770524323
2015-02-13,133.74978901753155
2015-02-14,174.89257769809979
2015-02-15,139.7023666462522
2015-02-16,199.67168403691835
2015-02-17,152.031713455265
2015-02-18,155.6546815059695
2015-02-19,160.09638384915456
2015-02-20,148.95276810251195
2015-02-21,169.45073577038218
2015-02-22,119.68927880380274
2015-02-23,116.57809128367441
2015-02-24,129.53310343438173
2015-02-25,139.69775170745265
2015-02-26,152.25937790714903
2015-02-27,152.8489469297736
2015-02-28,158.3615801419299
2015-03-01,163.71062791260857
2015-03-02,118.61409063250935
2015-03-03,137.42990835638236
2015-03-04,98.40260113897223
2015-03-05,147.39483111996734
2015-03-06,131.48643961931265
2015-03-07,141.58582060834158
2015-03-08,126.66966428235884
2015-03-09,151.75944474941798
2015-03-10,95.47456824808802
2015-03-11,155.98013334151972
2015-03-12,131.604646340163
2015-03-13,144.79358237961242
2015-03-14,104.3595061792709
2015-03-15,133.38793200881827
2015-03-16,154.16131091004465
2015-03-17,115.64411368289409
2015-03-18,153.31723284777917
2015-03-19,126.72747116361568
2015-03-20,118.53120104478558
2015-03-21,159.7804906122217
2015-03-22,165.0039737097208
2015-03-23,150.14456407511557
2015-03-24,137.87797027296668
2015-03-25,120.68974024873873
2015-03-26,121.6286687252806
2015-03-27,128.92799205636067
2015-03-28,141.0538474624743
2015-03-29,169.20969215170553
2015-03-30,131.8580938747612
2015-03-31,119.92876453131734
2015-04-01,188.1973616400606
2015-04-02,139.31454425337066
2015-04-03,84.58743776398848
2015-04-04,101.12092098723403
2015-04-05,152.83657222038792
2015-04-06,105.52764298828997
2015-04-07,133.30858760856947
2015-04-08,157.3648228579016
2015-04-09,158.8475725081533
2015-04-10,150.8912626312116
2015-04-11,99.72680317555506
2015-04-12,102.87700982522506
2015-04-13,162.93370722243986
2015-04-14,132.43880261514025
2015-04-15,129.4224018717123
2015-04-16,152.00310931930613
2015-04-17,133.3055092201879
2015-04-18,102.18201182911821
2015-04-19,139.94963992397845
2015-04-20,111.49267405813846
2015-04-21,113.11287148002607
2015-04-22,152.36971884465922
2015-04-23,111.22753294630773
2015-04-24,109.78519078657285
2015-04-25,138.8463645421738
2015-04-26,63.238121881702554
2015-04-27,135.5837133527873
2015-04-28,108.26986199025656
2015-04-29,144.29932474795433
2015-04-30,115.58662014892951
2015-05-01,89.27990631622016
2015-05-02,79.20138319957881
2015-05-03,125.00751245505327
2015-05-04,97.24066399770359
2015-05-05,103.86864207566663
2015-05-06,124.10923827811136
2015-05-07,81.26607452236692
2015-05-08,106.17497876238559
2015-05-09,107.24026597219128
2015-05-10,152.2545932164296
2015-05-11,93.39374905395664
2015-05-12,88.17019402003648
2015-05-13,91.16144143018293
2015-05-14,112.00355436055374
2015-05-15,95.75255327533344
2015-05-16,128.48673094535442
2015-05-17,100.82314570130661
2015-05-18,81.2274905012071
2015-05-19,129.5791691239616
2015-05-20,70.91393949028527
2015-05-21,93.04295998296332
2015-05-22,75.64640046491328
2015-05-23,49.13351249765535
2015-05-24,85.43613855969961
2015-05-25,83.75376282715926
2015-05-26,86.02411111507134
2015-05-27,61.508867503663254
2015-05-28,86.20163980896994
2015-05-29,99.43069383060084
2015-05-30,72.98344826807849
2015-05-31,77.52062730186023
2015-06-01,105.38245816964093
2015-06-02,93.32167916921637
2015-06-03,50.264528740849016
2015-06-04,107.43492490978882
2015-06-05,88.41423405624789
2015-06-06,96.52205496788498
2015-06-07,54.59750476068021
2015-06-08,85.3850918354298
2015-06-09,98.70402216897348
2015-06-10,99.8179432664412
2015-06-11,75.18339127716952
2015-06-12,104.59027511228388
2015-06-13,95.22669754100382
2015-06-14,83.8885911402112
2015-06-15,117.4448549388514
2015-06-16,68.02040693053301
2015-06-17,91.10723082792623
2015-06-18,52.811240361346535
2015-06-19,88.46233790807827
2015-06-20,51.1053180795068
2015-06-21,59.76291815228518
2015-06-22,90.8278295401799
2015-06-23,63.18267524801139
2015-06-24,59.31581861537319
2015-06-25,93.08552345430164
2015-06-26,61.177862030650104
2015-06-27,84.98873355665992
2015-06-28,39.26791943494023
2015-06-29,28.217866646912185
2015-06-30,73.14508998444248
2015-07-01,65.77908716706612
2015-07-02,98.09778887494062
2015-07-03,60.00530382747343
2015-07-04,48.99118590803272
2015-07-05,85.06449853511536
2015-07-06,54.53709524749179
2015-07-07,49.590704097753914
2015-07-08,57.627691881931284
2015-07-09,49.74314624241248
2015-07-10,76.24235680561895
2015-07-11,74.22214523544655
2015-07-12,65.80935548197156
2015-07-13,64.60926681168088
2015-07-14,71.58213467221029
2015-07-15,73.85153168086117
2015-07-16,75.21580681544029
2015-07-17,64.48258493420732
2015-07-18,75.40383263649426
2015-07-19,68.63468425034239
2015-07-20,44.75885572897658
2015-07-21,60.76549836198409
2015-07-22,52.176666850647145
2015-07-23,39.874754356328694
2015-07-24,53.69748150328259
2015-07-25,103.97261699818034
2015-07-26,108.24413290038072
2015-07-27,49.74511705355658
2015-07-28,67.04316584103249
2015-07-29,30.726374155034257
2015-07-30,54.73598468361031
2015-07-31,30.330283597433436
2015-08-01,46.999036669482386
2015-08-02,56.40382244083375
2015-08-03,28.120411521838605
2015-08-04,44.76629896968594
2015-08-05,50.18270811533467
2015-08-06,30.562805619343052
2015-08-07,36.71454283022001
2015-08-08,21.987889727870197
2015-08-09,50.64484901503281
2015-08-10,69.32275413802968
2015-08-11,13.988505359019939
2015-08-12,19.51213032179524
2015-08-13,57.61745730774592
2015-08-14,22.478912109858754
2015-08-15,43.44473996688076
2015-08-16,62.75799520734442
2015-08-17,52.906782243799626
2015-08-18,68.78320970499678
2015-08-19,57.89028634126458
2015-08-20,47.783303695366
2015-08-21,63.80695764746358
2015-08-22,41.77990292908745
2015-08-23,12.513663109279342
2015-08-24,65.35823977517174
2015-08-25,57.95081048891662
2015-08-26,40.216600596409805
2015-08-27,47.78732678301223
2015-08-28,46.65041276532773
2015-08-29,51.35868597353156
2015-08-30,99.23581565600132
2015-08-31,68.3720141692613
2015-09-01,65.52871858115773
2015-09-02,66.67242252936059
2015-09-03,17.538121917003814
2015-09-04,63.198371122624394
2015-09-05,24.616767263426446
2015-09-06,67.61401248268156
2015-09-07,53.45072168800159
2015-09-08,32.3959571450927
2015-09-09,16.66072797652393
2015-09-10,21.14673590958155
2015-09-11,52.587549581613416
2015-09-12,88.46777176877785
2015-09-13,70.4984916434663
2015-09-14,54.384383695886534
2015-09-15,69.97018945989332
2015-09-16,52.97685880543286
2015-09-17,48.0751878484343
2015-09-18,42.65389710222776
2015-09-19,57.48524076948934
2015-09-20,31.915754886754996
2015-09-21,23.345938508960003
2015-09-22,24.684758878248655
2015-09-23,73.26661308334661
2015-09-24,66.42360525098348
2015-09-25,72.8852133009235
2015-09-26,47.30005037188835
2015-09-27,63.04086311295582
2015-09-28,78.82763914421604
2015-09-29,69.98361781667286
2015-09-30,28.439584177874963
2015-10-01,62.91588897225877
2015-10-02,75.92850299332609
2015-10-03,56.06559007480754
2015-10-04,59.0690757764261
2015-10-05,72.25385948386985
2015-10-06,81.56288838330983
2015-10-07,42.80002723679098
2015-10-08,63.33734979328002
2015-10-09,72.38475408455218
2015-10-10,74.32749743262558
2015-10-11,47.75060235832274
2015-10-12,74.37692430002447
2015-10-13,41.30854191066179
2015-10-14,73.08439412182628
2015-10-15,51.90903792770475
2015-10-16,89.18866543268568
2015-10-17,74.98545461781595
2015-10-18,105.76381453658806
2015-10-19,103.05451427348494
2015-10-20,76.53815854703987
2015-10-21,101.3323168084012
2015-10-22,42.245317454015456
2015-10-23,79.09561165213401
2015-10-24,96.37474706889255
2015-10-25,65.98406514981896
2015-10-26,66.07199012479188
2015-10-27,75.10795353859545
2015-10-28,75.77923467762069
2015-10-29,94.92819807841063
2015-10-30,74.98031754539491
2015-10-31,54.167712026588276
2015-11-01,62.632661546049654
2015-11-02,71.62892188006549
2015-11-03,73.80697403877988
2015-11-04,80.99837188746551
2015-11-05,105.50829886651881
2015-11-06,47.44458315735735
2015-11-07,93.12545902551147
2015-11-08,55.24723480652305
2015-11-09,80.38307261645113
2015-11-10,77.21435089400276
2015-11-11,70.65184453806339
2015-11-12,98.29638279008051
2015-11-13,112.10260280526101
2015-11-14,106.37515567475133
2015-11-15,96.28587492784969
2015-11-16,93.72507010321496
2015-11-17,99.46432603893749
2015-11-18,41.63774130986208
2015-11-19,89.549506781903
2015-11-20,81.84418049992387
2015-11-21,97.77719119637206
2015-11-22,93.13471877045198
2015-11-23,123.52563932790568
2015-11-24,102.40105049028428
2015-11-25,81.27903192551098
2015-11-26,122.62829883885928
2015-11-27,115.21685571574726
2015-11-28,49.07245907862078
2015-11-29,99.02097406462008
2015-11-30,111.50387409146872
2015-12-01,100.95583441101024
2015-12-02,119.06205283430762
2015-12-03,109.62400879151994
2015-12-04,83.97750933475747
2015-12-05,93.31596547729228
2015-12-06,101.21969811385087
2015-12-07,99.20092258170637
2015-12-08,99.90729491831179
2015-12-09,81.52913809542352
2015-12-10,85.15099679833833
2015-12-11,78.27640940083921
2015-12-12,78.78379640493415
2015-12-13,121.25508372718885
2015-12-14,124.30383168344298
2015-12-15,91.14685915878859
2015-12-16,138.61102740304494
2015-12-17,102.14409081451463
2015-12-18,117.76412855125412
2015-12-19,97.25436817380752
2015-12-20,99.29174204511297
2015-12-21,84.0774951707205
2015-12-22,78.33406367194672
2015-12-23,107.63118488032615
2015-12-24,105.03188431032008
2015-12-25,94.11651353631058
2015-12-26,115.60325681578165
2015-12-27,102.67199939418367
2015-12-28,98.02451418830005
2015-12-29,85.39248671917599
2015-12-30,113.99216604052403
2015-12-31,78.5932166620916
2016-01-01,129.17877886907135
2016-01-02,139.7641687111954
2016-01-03,123.50494335935691
2016-01-04,101.22721213806093
2016-01-05,111.20386349251179
2016-01-06,111.97417214212135
2016-01-07,121.23708366251142
2016-01-08,108.08228766574578
2016-01-09,127.5106248455668
2016-01-10,145.79659111608112
2016-01-11,133.4314645250821
2016-01-12,176.43321361649237
2016-01-13,129.7335856704756
2016-01-14,102.22911137431609
2016-01-15,115.8463123015535
2016-01-16,173.8403017134557
2016-01-17,137.12983237194564
2016-01-18,128.42434232466846
2016-01-19,116.0155905737422
2016-01-20,154.61252682013293
2016-01-21,113.58350000236528
2016-01-22,135.78452076389755
2016-01-23,161.3067417144064
2016-01-24,133.76579957639285
2016-01-25,123.67071233316291
2016-01-26,124.58960211278743
2016-01-27,95.85512723606419
2016-01-28,136.70661044791163
2016-01-29,171.96852334984067
2016-01-30,143.6201505296119
2016-01-31,149.30377730653677
2016-02-01,91.63561666462721
2016-02-02,137.78121864152064
2016-02-03,151.88185223356513
2016-02-04,122.94470272257021
2016-02-05,150.004729682106
2016-02-06,121.7808365672412
2016-02-07,150.63083378866355
2016-02-08,109.40374264620294
2016-02-09,89.9459575127561
2016-02-10,174.0365170202903
2016-02-11,185.01121980584136
2016-02-12,144.0541048886913
2016-02-13,166.1080087800409
2016-02-14,147.00729734372268
2016-02-15,168.51170127683855
2016-02-16,149.3362882617308
2016-02-17,174.895431097781
2016-02-18,147.6887284114201
2016-02-19,150.62254176822103
2016-02-20,169.35804817567663
2016-02-21,135.88295602997255
2016-02-22,124.90992454484922
2016-02-23,124.48213252976932
2016-02-24,185.72725407142974
2016-02-25,156.8581507644857
2016-02-26,134.4576456741627
2016-02-27,171.24885271520847
2016-02-28,139.46190776724268
2016-02-29,165.97047826446038
2016-03-01,146.02004331974004
2016-03-02,134.7918478070832
2016-03-03,181.22716591716147
2016-03-04,176.5181388218298
2016-03-05,141.5722721023127
2016-03-06,167.51238892727983
2016-03-07,141.84429276971517
2016-03-08,151.8173207051934
2016-03-09,140.79260700919946
2016-03-10,132.5125484142274
2016-03-11,176.44656974510377
2016-03-12,125.83009402709487
2016-03-13,153.56288818600893
2016-03-14,138.3091155910543
2016-03-15,147.51634843094806
2016-03-16,128.256934884246
2016-03-17,158.76844819246864
2016-03-18,125.64674412387956
2016-03-19,117.47286044123017
2016-03-20,139.32026274495863
2016-03-21,174.35392182452222
2016-03-22,147.36667577373086
2016-03-23,139.35851362677337
2016-03-24,184.5811463747757
2016-03-25,164.04840651922026
2016-03-26,165.77022352398703
2016-03-27,141.57624318126142
2016-03-28,127.45627675654829
2016-03-29,182.44032151091577
2016-03-30,137.8515624846811
2016-03-31,160.26900773334512
2016-04-01,121.13757787686541
2016-04-02,140.91042780779466
2016-04-03,163.186112852154
2016-04-04,171.75272185836835
2016-04-05,164.41287842625027
2016-04-06,149.7621373630114
2016-04-07,136.4725057080327
2016-04-08,129.19577992392556
2016-04-09,150.66924656328806
2016-04-10,160.79802130021213
2016-04-11,189.75718112903044
2016-04-12,152.08533893070867
2016-04-13,124.50685350971605
2016-04-14,128.76977333524687
2016-04-15,150.97983829779733
2016-04-16,139.03847672555415
2016-04-17,146.9212675062484
2016-04-18,148.92275698922091
2016-04-19,153.44435916517827
2016-04-20,174.3116121713081
2016-04-21,158.5186858669455
2016-04-22,129.44072548833157
2016-04-23,142.52019757234712
2016-04-24,117.26371636128854
2016-04-25,122.7187496708092
2016-04-26,126.76714525067723
2016-04-27,116.81731111031924
2016-04-28,132.639485175815
2016-04-29,121.95614661867099
2016-04-30,140.1283461748931
2016-05-01,132.45896602415286
2016-05-02,149.5788862280994
2016-05-03,120.27440717597078
2016-05-04,130.02436469396153
2016-05-05,139.47911388233544
2016-05-06,154.0590560953058
2016-05-07,127.63928433462144
2016-05-08,110.17980346034678
2016-05-09,144.2932791837457
2016-05-10,104.01349536935075
2016-05-11,131.66500752682157
2016-05-12,135.1916316961876
2016-05-13,115.54696813487355
2016-05-14,114.8253616255182
2016-05-15,121.95334759085026
2016-05-16,133.6291488652642
2016-05-17,143.79395842382715
2016-05-18,134.84143755093842
2016-05-19,107.00889612274653
2016-05-20,110.38117562929881
2016-05-21,104.03994679856714
2016-05-22,117.9248905877421
2016-05-23,137.02943599927346
2016-05-24,92.71386713607254
2016-05-25,73.51412051428733
2016-05-26,117.99278537254968
2016-05-27,91.15371081170919
2016-05-28,113.34323483033164
2016-05-29,95.859926618914
2016-05-30,105.00827127565249
2016-05-31,132.83187566508906
2016-06-01,110.52482500098574
2016-06-02,83.94925834990346
2016-06-03,107.10964363956722
2016-06-04,99.54408375916405
2016-06-05,123.00716252834421
2016-06-06,93.25432271645663
2016-06-07,115.77542169137803
2016-06-08,125.06746812728639
2016-06-09,125.51066351179833
2016-06-10,133.53077237474588
2016-06-11,101.77165316119608
2016-06-12,112.76971982790059
2016-06-13,120.11489081473925
2016-06-14,96.13394410444862
2016-06-15,86.61616583754328
2016-06-16,99.67858261761162
2016-06-17,109.77841019489033
2016-06-18,68.22272335545209
2016-06-19,78.42475929304479
2016-06-20,93.37674191706175
2016-06-21,98.86466878931543
2016-06-22,96.97312760096386
2016-06-23,54.09234437140844
2016-06-24,132.25684758377088
2016-06-25,106.93655556067273
2016-06-26,93.5899021748059
2016-06-27,86.85877462926095
2016-06-28,106.3021572495027
2016-06-29,73.92937510961961
2016-06-30,83.62095823639149
2016-07-01,97.61078731769317
2016-07-02,67.40164225684276
2016-07-03,86.5680342196664
2016-07-04,88.7532130614552
2016-07-05,137.2699482465979
2016-07-06,115.31789116258275
2016-07-07,93.96084573837366
2016-07-08,91.49322291012257
2016-07-09,88.68150113504349
2016-07-10,87.55679949462751
2016-07-11,86.2085699236208
2016-07-12,57.41190809090491
2016-07-13,126.09763081669922
2016-07-14,67.45837252548687
2016-07-15,84.93215082482777
2016-07-16,70.9738300383551
2016-07-17,87.88826871002377
2016-07-18,95.67214570841234
2016-07-19,49.74934076046665
2016-07-20,90.05740813693154
2016-07-21,63.53614343009102
2016-07-22,46.08427404511778
2016-07-23,50.34628205542311
2016-07-24,18.29866371359352
2016-07-25,50.21887478059121
2016-07-26,57.02996544742935
2016-07-27,105.43927627140309
2016-07-28,103.18036624172676
2016-07-29,80.38945290889819
2016-07-30,73.02216118694668
2016-07-31,89.09265222932898
2016-08-01,28.802921435791504
2016-08-02,72.72201332157104
2016-08-03,55.38150028998163
2016-08-04,45.94252387298428
2016-08-05,68.45721519920312
2016-08-06,34.27906594727586
2016-08-07,33.44727902099995
2016-08-08,55.06044047115413
2016-08-09,68.4272527216838
2016-08-10,29.848339398879105
2016-08-11,63.390492025978546
2016-08-12,50.010390238229455
2016-08-13,55.17783685085987
2016-08-14,99.06868846001713
2016-08-15,68.9291741688482
2016-08-16,83.49154452206922
2016-08-17,55.16958276805454
2016-08-18,48.77025284332335
2016-08-19,41.164775076494976
2016-08-20,89.85880990044885
2016-08-21,61.08531734537449
2016-08-22,69.82857830399618
2016-08-23,50.75678259178159
2016-08-24,109.08296452601758
2016-08-25,74.72561511085821
2016-08-26,73.15694374268921
2016-08-27,41.03526737194396
2016-08-28,70.99932700270683
2016-08-29,29.705258898634444
2016-08-30,49.670332862023635
2016-08-31,6.979228702621846
2016-09-01,109.05224602255547
2016-09-02,12.071809667312607
2016-09-03,67.63016336630822
2016-09-04,79.32298214036048
2016-09-05,82.38955843779775
2016-09-06,45.625218001482594
2016-09-07,12.970064164315929
2016-09-08,13.715262790313702
2016-09-09,73.11823959698427
2016-09-10,43.98759510977682
2016-09-11,65.30197776763448
2016-09-12,42.63797162319311
2016-09-13,6.370211583002472
2016-09-14,103.72803632575125
2016-09-15,31.296832885434565
2016-09-16,50.01315954749751
2016-09-17,41.590653603879915
2016-09-18,74.82252317880125
2016-09-19,34.13086456217516
2016-09-20,42.003683318782606
2016-09-21,38.81603564592986
2016-09-22,26.05685778357799
2016-09-23,36.92984559204064
2016-09-24,29.653884706557104
2016-09-25,74.42480683692487
2016-09-26,79.09376621325686
2016-09-27,66.94654814778369
2016-09-28,70.8968560967219
2016-09-29,28.458991797785185
2016-09-30,35.624334483269564
2016-10-01,88.1884907686422
2016-10-02,48.30442595340595
2016-10-03,52.82036137795092
2016-10-04,44.29049452235577
2016-10-05,56.85605007739565
2016-10-06,66.46567392177337
2016-10-07,12.891673353815477
2016-10-08,85.33621346086117
2016-10-09,66.16960273645392
2016-10-10,69.3167519750107
2016-10-11,68.87337081133991
2016-10-12,68.4697823242116
2016-10-13,83.28877755126288
2016-10-14,47.33510640592463
2016-10-15,20.171700265946612
2016-10-16,8.699331432690613
2016-10-17,91.3731726357631
2016-10-18,45.44304791334087
2016-10-19,47.91603963658876
2016-10-20,63.04019210976272
2016-10-21,12.381760343547121
2016-10-22,59.96308353973453
2016-10-23,37.63656320456561
2016-10-24,44.2113518602537
2016-10-25,68.91134732926558
2016-10-26,65.52620015964371
2016-10-27,75.94826530894863
2016-10-28,43.810345067006665
2016-10-29,96.49348147419795
2016-10-30,25.987352703950666
2016-10-31,35.553481492023444
2016-11-01,56.569616959973324
2016-11-02,70.81954498340146
2016-11-03,36.186941789011065
2016-11-04,77.36348811128786
2016-11-05,83.85929659270622
2016-11-06,44.43207973772759
2016-11-07,46.4135585149856
2016-11-08,50.838373714115356
2016-11-09,43.65153200292693
2016-11-10,75.53755218755131
2016-11-11,74.50204408505886
2016-11-12,71.31203598285741
2016-11-13,70.23097880590986
2016-11-14,24.286674889410932
2016-11-15,55.3675404806077
2016-11-16,104.40737244871094
2016-11-17,28.102686679583606
2016-11-18,102.17751646300218
2016-11-19,87.84380540877306
2016-11-20,111.84601614324144
2016-11-21,57.90276172563197
2016-11-22,104.98903268413646
2016-11-23,91.17411942578035
2016-11-24,55.82030692341262
2016-11-25,35.32855781883338
2016-11-26,44.250462958616495
2016-11-27,89.27564497534973
2016-11-28,72.59340738589091
2016-11-29,90.21732815052749
2016-11-30,67.1643131665467
2016-12-01,58.68045418756342
2016-12-02,67.26258538223654
2016-12-03,43.611357260277344
2016-12-04,52.898259251424804
2016-12-05,64.6793776131205
2016-12-06,51.808836018808734
2016-12-07,60.03789556476879
2016-12-08,58.76176390719621
2016-12-09,95.59828844048269
2016-12-10,70.52939728493986
2016-12-11,93.56807203931008
2016-12-12,42.960331890531194
2016-12-13,58.09080838111492
2016-12-14,98.15010541082022
2016-12-15,123.08620399767483
2016-12-16,89.33694475845058
2016-12-17,80.1561079038826
2016-12-18,81.63967960145017
2016-12-19,92.77872560473038
2016-12-20,78.00079851857265
2016-12-21,94.9318646960397
2016-12-22,114.40593588729666
2016-12-23,89.5497634489825
2016-12-24,89.50175029028063
2016-12-25,90.40343498761865
2016-12-26,66.48992670848534
2016-12-27,84.44986673691048
2016-12-28,77.49665646811111
2016-12-29,105.54931491310677
2016-12-30,64.00127426026954
2016-12-31,100.09681448387741
2017-01-01,98.21178866622415
2017-01-02,110.99889692126578
2017-01-03,75.326925347621
2017-01-04,87.93324980290849
2017-01-05,101.82703723398652
2017-01-06,111.40822339733356
2017-01-07,105.03891306010443
2017-01-08,124.44172220860048
2017-01-09,101.7509300990471
2017-01-10,118.10616647585088
2017-01-11,132.56202657519495
2017-01-12,124.7528752800242
2017-01-13,105.31367850028779
2017-01-14,146.5154743038955
2017-01-15,117.92935881830235
2017-01-16,105.78260740843244
2017-01-17,134.92539940635533
2017-01-18,93.83751020111865
2017-01-19,96.82421031781487
2017-01-20,61.19236030446285
2017-01-21,148.35659798819086
2017-01-22,85.00671130489367
2017-01-23,144.60411286931813
2017-01-24,137.60719491787694
2017-01-25,105.07829738559185
2017-01-26,116.8630580750129
2017-01-27,122.93321283362776
2017-01-28,97.28929361700493
2017-01-29,113.57045492058901
2017-01-30,117.48706917617366
2017-01-31,126.89416842895736
2017-02-01,93.49054641879826
2017-02-02,140.0371931147476
2017-02-03,112.96503711565455
2017-02-04,116.00586011969787
2017-02-05,127.2659922568825
2017-02-06,107.51567504180252
2017-02-07,141.68153699882936
2017-02-08,90.7626023123866
2017-02-09,130.9064101330209
2017-02-10,107.66362733292561
2017-02-11,141.19951007160577
2017-02-12,126.36696681288407
2017-02-13,135.6028189089889
2017-02-14,127.96776446655531
2017-02-15,116.70562511034008
2017-02-16,65.9967902625954
2017-02-17,141.71135004951964
2017-02-18,151.92949731804896
2017-02-19,116.5977790074895
2017-02-20,155.59174309210348
2017-02-21,145.99291193938
2017-02-22,141.97014352537587
2017-02-23,111.90751692429474
2017-02-24,132.845348307742
2017-02-25,149.63142056287325
2017-02-26,133.5197713689213
2017-02-27,114.73017009679876
2017-02-28,161.80289863180917
2017-03-01,163.45031666817897
2017-03-02,136.10769441055402
2017-03-03,111.36795685359286
2017-03-04,150.32713486216147
2017-03-05,152.45466300947
2017-03-06,143.6939021872278
2017-03-07,166.96212593538328
2017-03-08,123.69260342600045
2017-03-09,125.39122275922148
2017-03-10,124.13944376366803
2017-03-11,148.10156280938844
2017-03-12,146.92687350292704
2017-03-13,155.90542429956602
2017-03-14,129.17738260141368
2017-03-15,136.02855692434653
2017-03-16,136.61899996298382
2017-03-17,173.23530227935305
2017-03-18,176.13601738311567
2017-03-19,152.2419206415323
2017-03-20,138.45571995149078
2017-03-21,139.7819944100316
2017-03-22,167.23640799896845
2017-03-23,152.56632586643954
2017-03-24,140.7393885313239
2017-03-25,131.86457595168685
2017-03-26,135.62076272043177
2017-03-27,158.6790639874866
2017-03-28,175.72395849705566
2017-03-29,162.14989948254106
2017-03-30,171.775588048263
2017-03-31,131.2503943968322
2017-04-01,161.192580775772
2017-04-02,160.14599271002854
2017-04-03,139.4340061953824
2017-04-04,150.29958209689573
2017-04-05,141.7185535757714
2017-04-06,150.53658884531802
2017-04-07,128.1493714059343
2017-04-08,174.88037098156266
2017-04-09,169.632423663263
2017-04-10,160.07963315839288
2017-04-11,121.6570684068935
2017-04-12,153.43533216461054
2017-04-13,179.91902519878983
2017-04-14,149.7021251632334
2017-04-15,160.80820897973302
2017-04-16,160.21078202929627
2017-04-17,140.0843548110717
2017-04-18,129.68532664845256
2017-04-19,126.91220205341881
2017-04-20,137.9402279229195
2017-04-21,147.4937181162101
2017-04-22,150.02071105101192
2017-04-23,100.2329681870555
2017-04-24,189.76872104780776
2017-04-25,177.838477186514
2017-04-26,141.80126056615308
2017-04-27,128.26348149867084
2017-04-28,146.68886011534076
2017-04-29,155.12698910979742
2017-04-30,120.76045366107904
2017-05-01,147.88785178187874
2017-05-02,126.21331553463511
2017-05-03,153.87221629956426
2017-05-04,143.0983648848521
2017-05-05,123.68500530301564
2017-05-06,174.60666869012903
2017-05-07,155.2255328170216
2017-05-08,157.65401957815905
2017-05-09,149.1899577365759
2017-05-10,138.6452063349419
2017-05-11,146.2205277239808
2017-05-12,156.84656641589325
2017-05-13,126.06949567171505
2017-05-14,148.1094570245831
2017-05-15,134.18366082306886
2017-05-16,119.36431543447176
2017-05-17,120.66090658762099
2017-05-18,154.87089715144452
2017-05-19,178.4061875879466
2017-05-20,167.4663551584579
2017-05-21,185.19509919426207
2017-05-22,143.97963234086995
2017-05-23,131.68617419754946
2017-05-24,145.75738390715114
2017-05-25,153.66849596749068
2017-05-26,142.60124056639367
2017-05-27,132.75103556655543
2017-05-28,181.95224198102306
2017-05-29,133.83333292862122
2017-05-30,123.44536646667933
2017-05-31,164.2515161263483
2017-06-01,142.08260692574495
2017-06-02,121.93324250256791
2017-06-03,146.49496658123743
2017-06-04,93.15394665038244
2017-06-05,130.81100028810698
2017-06-06,122.02933310172745
2017-06-07,133.54739905190462
2017-06-08,119.45279464573038
2017-06-09,118.55104595794
2017-06-10,100.38486266722259
2017-06-11,173.03689603585755
2017-06-12,120.06679871764634
2017-06-13,112.39634833748777
2017-06-14,121.3035610828288
2017-06-15,145.95817662610128
2017-06-16,133.4188375871461
2017-06-17,101.3578173033745
2017-06-18,125.2462363276163
2017-06-19,138.68672270588115
2017-06-20,121.54328307472248
2017-06-21,110.71574604657756
2017-06-22,134.76012765613245
2017-06-23,117.5277277345765
2017-06-24,135.5618972525965
2017-06-25,126.56674384398596
2017-06-26,83.59392007970342
2017-06-27,127.57420884899777
2017-06-28,108.78161728990507
2017-06-29,155.90474622615017
2017-06-30,149.2359730661771
2017-07-01,126.55433664067041
2017-07-02,113.69779342460025
2017-07-03,159.2972641130822
2017-07-04,122.30278771755458
2017-07-05,117.3336197960724
2017-07-06,122.3401978014746
2017-07-07,109.51728786410327
2017-07-08,150.64703083863918
2017-07-09,83.0043884733005
2017-07-10,128.39971165256173
2017-07-11,135.475379551075
2017-07-12,113.07928282131536
2017-07-13,117.94720603821463
2017-07-14,117.68034500443386
2017-07-15,60.572097389097145
2017-07-16,91.8703750513597
2017-07-17,112.77101571555147
2017-07-18,99.22844487353441
2017-07-19,138.28416075914976
2017-07-20,121.30232530250723
2017-07-21,103.61391396506038
2017-07-22,90.24007473347852
2017-07-23,106.03126204217295
2017-07-24,60.70847275765061
2017-07-25,119.60795697208135
2017-07-26,80.13205267142472
2017-07-27,127.44579769720913
2017-07-28,94.81653716916625
2017-07-29,121.8828585105489
2017-07-30,96.43611763780204
2017-07-31,45.23014838092983
2017-08-01,97.40026988641185
2017-08-02,79.53302498362743
2017-08-03,78.70557127954773
2017-08-04,74.16728474561731
2017-08-05,106.41211166856397
2017-08-06,56.547695129680136
2017-08-07,109.70693758443991
2017-08-08,107.4432526675107
2017-08-09,99.76977012195167
2017-08-10,104.3681253071874
2017-08-11,79.12213249165504
2017-08-12,106.90271953067237
2017-08-13,119.2325130875065
2017-08-14,79.37282617821928
2017-08-15,96.12814452155861
2017-08-16,94.86962538632095
2017-08-17,95.9339021648366
2017-08-18,81.93413782181385
2017-08-19,89.8557230753033
2017-08-20,107.27938172877771
2017-08-21,63.91220259444363
2017-08-22,71.76488946238105
2017-08-23,84.098508249638
2017-08-24,99.32440475284336
2017-08-25,51.902917809252116
2017-08-26,87.32085471282274
2017-08-27,60.16886104832596
2017-08-28,50.073504827807646
2017-08-29,75.25062049913883
2017-08-30,68.77499971025308
2017-08-31,62.18095504391038
2017-09-01,74.44970833313985
2017-09-02,78.86762044203313
2017-09-03,71.46899106761437
2017-09-04,52.01518470614545
2017-09-05,80.26846404990897
2017-09-06,87.08520431419906
2017-09-07,91.26059373600248
2017-09-08,90.94890550857417
2017-09-09,87.11864729437123
2017-09-10,20.084266793623136
2017-09-11,54.53126893631489
2017-09-12,45.85272090352008
2017-09-13,100.79000801837982
2017-09-14,60.83306005640971
2017-09-15,63.716210488045355
2017-09-16,76.6106983630302
2017-09-17,64.93013077325436
2017-09-18,57.01688376973703
2017-09-19,91.65537079228716
2017-09-20,29.924964019490194
2017-09-21,14.372045523421122
2017-09-22,47.53215644020751
2017-09-23,68.96646278844555
2017-09-24,59.39348357553491
2017-09-25,77.80284064313669
2017-09-26,41.78797445883205
2017-09-27,70.85632610114683
2017-09-28,58.296563969238846
2017-09-29,58.474089461089704
2017-09-30,60.02350227307689
2017-10-01,54.735389924578634
2017-10-02,68.79660932107551
2017-10-03,54.94267938457557
2017-10-04,41.406356595429116
2017-10-05,44.98340424246223
2017-10-06,72.2456582119292
2017-10-07,42.95121509683068
2017-10-08,46.34262307894067
2017-10-09,100.92460157441852
2017-10-10,40.01276950875074
2017-10-11,57.233674403055446
2017-10-12,29.539958997175393
2017-10-13,57.52085042172485
2017-10-14,72.04180260180175
2017-10-15,44.87997327400797
2017-10-16,58.56054995145221
2017-10-17,33.08271435497933
2017-10-18,39.18065750101137
2017-10-19,50.308616526441206
2017-10-20,70.78288058099238
2017-10-21,47.00693608598429
2017-10-22,6.093426392749677
2017-10-23,30.021411292736403
2017-10-24,42.82296128417097
2017-10-25,24.6830680327753
2017-10-26,33.52081655765248
2017-10-27,55.27377613577276
2017-10-28,58.270597244404925
2017-10-29,65.84534994672893
2017-10-30,15.402514472785555
2017-10-31,47.3132847237544
2017-11-01,22.638143280694173
2017-11-02,51.89215057413886
2017-11-03,63.513470729088226
2017-11-04,44.31714676950172
2017-11-05,27.025358486398282
2017-11-06,77.24904263455554
2017-11-07,22.301304119697107
2017-11-08,22.642121984524618
2017-11-09,25.883908249865126
2017-11-10,64.186200680049
2017-11-11,36.451045031867025
2017-11-12,56.359031104704755
2017-11-13,96.00332367676077
2017-11-14,41.61240764489884
2017-11-15,60.394078408960034
2017-11-16,84.0446332801892
2017-11-17,56.29869718091152
2017-11-18,84.76113144586382
2017-11-19,40.78478057589766
2017-11-20,24.7611056366278
2017-11-21,56.40796154479275
2017-11-22,4.818323854360095
2017-11-23,40.17717502419483
2017-11-24,64.8654555864564
2017-11-25,54.44125313259009
2017-11-26,56.11059765144874
2017-11-27,74.97726194059844
2017-11-28,51.813019246456655
2017-11-29,70.98400511296741
2017-11-30,71.00105756540557
2017-12-01,63.97742449954833
2017-12-02,62.795323353966204
2017-12-03,64.55516122000896
2017-12-04,23.389873757119446
2017-12-05,64.10613488818818
2017-12-06,42.879935503906765
2017-12-07,83.06988197720942
2017-12-08,43.02382125832156
2017-12-09,48.46342794000839
2017-12-10,78.92937932324327
2017-12-11,26.779228261593353
2017-12-12,49.37623355607544
2017-12-13,57.851288073629824
2017-12-14,56.42979647724148
2017-12-15,53.81995809653521
2017-12-16,67.8205516969734
2017-12-17,88.98366990748119
2017-12-18,28.097327833206585
2017-12-19,18.942016247898948
2017-12-20,38.166663527322285
2017-12-21,44.352837948956875
2017-12-22,83.27746666508821
2017-12-23,52.14482403526131
2017-12-24,68.75716934111678
2017-12-25,77.50142205643611
2017-12-26,54.11866864288882
2017-12-27,85.24916356549967
2017-12-28,59.369315079160614
2017-12-29,53.46520573679357
2017-12-30,44.4566702207501
2017-12-31,95.9133326492377
2018-01-01,101.1775080986047
2018-01-02,46.19078128356257
2018-01-03,30.773958688834995
2018-01-04,66.37569421836886
2018-01-05,92.22210454260087
2018-01-06,81.28419292402636
2018-01-07,105.9191594289826
2018-01-08,58.865080926669705
2018-01-09,68.39993260345365
2018-01-10,82.36231839774766
2018-01-11,99.32531238273872
2018-01-12,58.36073915076044
2018-01-13,64.61749401751925
2018-01-14,74.53194913439098
2018-01-15,101.46422381039122
2018-01-16,53.63725021968162
2018-01-17,78.47303000688566
2018-01-18,84.08616354209299
2018-01-19,94.23797228785449
2018-01-20,66.87376416569668
2018-01-21,65.12247383604792
2018-01-22,61.6986550932287
2018-01-23,82.93115163153533
2018-01-24,72.76616725757876
2018-01-25,81.56131470044205
2018-01-26,79.29053861856221
2018-01-27,79.70642019143415
2018-01-28,136.8530788750164
2018-01-29,85.32322080809821
2018-01-30,61.76343642741786
2018-01-31,124.34818819601843
2018-02-01,139.46540688998203
2018-02-02,103.20229353690972
2018-02-03,96.06384631527976
2018-02-04,97.94581625407862
2018-02-05,68.24076683718421
2018-02-06,112.796610485506
2018-02-07,79.19747418822975
2018-02-08,108.14653019503226
2018-02-09,112.13949327577839
2018-02-10,111.402698647289
2018-02-11,98.42809446182052
2018-02-12,100.70282055685018
2018-02-13,99.79891764390395
2018-02-14,96.4596241602348
2018-02-15,86.38358194283212
2018-02-16,80.6062255094683
2018-02-17,106.73006690604447
2018-02-18,113.37415524851365
2018-02-19,104.66761895642364
2018-02-20,81.46002067870542
2018-02-21,101.6059521829673
2018-02-22,109.61646257577416
2018-02-23,97.89788258698894
2018-02-24,115.29636594395333
2018-02-25,110.54537564061525
2018-02-26,118.41911071347857
2018-02-27,87.44121103633275
2018-02-28,91.39965684072564
2018-03-01,100.78496315838544
2018-03-02,122.33699624464272
2018-03-03,89.45941038304798
2018-03-04,145.65738501050808
2018-03-05,122.91322243664278
2018-03-06,135.46129471196107
2018-03-07,103.83128250974433
2018-03-08,112.74988601077743
2018-03-09,92.22193155385688
2018-03-10,146.08752011043168
2018-03-11,132.0536636212677
2018-03-12,115.71267620137942
2018-03-13,123.7126842654626
2018-03-14,103.28743701628302
2018-03-15,113.72545976732029
2018-03-16,141.65506983045418
2018-03-17,124.40852999626681
2018-03-18,153.803939377147
2018-03-19,119.13044490535866
2018-03-20,186.7187884879864
2018-03-21,160.00831957438055
2018-03-22,152.3406500519121
2018-03-23,107.03070138396015
2018-03-24,128.4398404521646
2018-03-25,132.72487367361384
2018-03-26,124.24944905780987
2018-03-27,128.57837201585542
2018-03-28,123.26267986741387
2018-03-29,130.87190125408682
2018-03-30,136.04232938719775
2018-03-31,137.82660944792812
2018-04-01,126.31213334791363
2018-04-02,187.94240651748134
2018-04-03,118.83734492211998
2018-04-04,174.65750265546325
2018-04-05,125.42317963881356
2018-04-06,127.26956566245286
2018-04-07,112.78533960764955
2018-04-08,160.31921134901467
2018-04-09,147.2178865158433
2018-04-10,132.26268795712488
2018-04-11,111.40380906172098
2018-04-12,144.19992071454556
2018-04-13,109.99828641251968
2018-04-14,153.05127671422346
2018-04-15,124.02559251138528
2018-04-16,137.05451204803956
2018-04-17,145.8846976799081
2018-04-18,140.78132385548227
2018-04-19,145.0166963114783
2018-04-20,129.03369597974398
2018-04-21,121.83787295443938
2018-04-22,149.1470726624847
2018-04-23,189.34165654330843
2018-04-24,174.53134316907108
2018-04-25,132.27434597998968
2018-04-26,146.72888517901103
2018-04-27,128.82303434898463
2018-04-28,163.54792713799677
2018-04-29,129.9993292262897
2018-04-30,163.38369331453438
2018-05-01,146.95625894201206
2018-05-02,153.23361187669968
2018-05-03,81.30336159224917
2018-05-04,148.6376249201389
2018-05-05,153.97040049787665
2018-05-06,166.9636528429171
2018-05-07,137.9381242089474
2018-05-08,173.83763087492574
2018-05-09,158.6131342417866
2018-05-10,139.4048911797563
2018-05-11,149.17811781092018
2018-05-12,138.66159916583067
2018-05-13,156.80396346712288
2018-05-14,179.50021693612288
2018-05-15,162.8241297155466
2018-05-16,157.42809803538302
2018-05-17,148.3664910382044
2018-05-18,134.78981172595718
2018-05-19,138.63420298290092
2018-05-20,132.3777969617213
2018-05-21,157.38769724632087
2018-05-22,155.6337619457423
2018-05-23,140.16515802540655
2018-05-24,123.6951439135997
2018-05-25,147.614901206186
2018-05-26,160.81947126108
2018-05-27,140.61674343475966
2018-05-28,131.50216481595106
2018-05-29,133.85609286146118
2018-05-30,117.65320491243686
2018-05-31,142.49329011967725
2018-06-01,173.96344408039755
2018-06-02,118.92220092283874
2018-06-03,125.99475818785682
2018-06-04,129.3864271034567
2018-06-05,98.44528095480851
2018-06-06,116.57119434825638
2018-06-07,128.58981588361857
2018-06-08,128.20970480523687
2018-06-09,126.71692977554207
2018-06-10,125.33604192264966
2018-06-11,131.5341470100066
2018-06-12,175.33658241512347
2018-06-13,165.48462105988133
2018-06-14,143.32642757812133
2018-06-15,171.65418635445872
2018-06-16,125.03786675591527
2018-06-17,142.0750412733623
2018-06-18,184.13298329460054
2018-06-19,140.16754426859686
2018-06-20,152.820947007725
2018-06-21,154.8033357189954
2018-06-22,178.176674196199
2018-06-23,163.84596800895798
2018-06-24,119.33052827547006
2018-06-25,153.39955187450448
2018-06-26,169.41761555595642
2018-06-27,110.89859222606118
2018-06-28,135.5177033608993
2018-06-29,99.18031850439955
2018-06-30,172.6087397588985
2018-07-01,114.90390171482508
2018-07-02,147.5884640035097
2018-07-03,109.09460362194056
2018-07-04,149.44242914413576
2018-07-05,124.26837494245447
2018-07-06,136.11923260650383
2018-07-07,128.8786812073279
2018-07-08,120.14085335947858
2018-07-09,169.70154719299563
2018-07-10,98.34944842280484
2018-07-11,132.87880186801456
2018-07-12,120.41824974757554
2018-07-13,95.95841641046383
2018-07-14,98.28793547244481
2018-07-15,170.75822952401734
2018-07-16,88.05419583108458
2018-07-17,114.72954612973162
2018-07-18,136.7570136781853
2018-07-19,120.62199895402492
2018-07-20,130.71924171171847
2018-07-21,135.4356022952106
2018-07-22,156.87247155444675
2018-07-23,164.00850548700254
2018-07-24,125.23353107740117
2018-07-25,117.80806327456497
2018-07-26,141.02101588590688
2018-07-27,145.716964823917
2018-07-28,112.80747150043285
2018-07-29,116.02041216438832
2018-07-30,96.73979179297844
2018-07-31,125.98773015564925
2018-08-01,120.44794128115495
2018-08-02,130.10877109080187
2018-08-03,108.63280661905502
2018-08-04,143.8687157352395
2018-08-05,155.7166676582877
2018-08-06,106.98613734537001
2018-08-07,112.15844591956629
2018-08-08,121.24454132663668
2018-08-09,134.5882384420229
2018-08-10,113.73222524654798
2018-08-11,161.99247248275657
2018-08-12,118.44465633329736
2018-08-13,87.81901667107567
2018-08-14,111.53263585330498
2018-08-15,117.14755484737124
2018-08-16,105.13600704461237
2018-08-17,142.79217715592665
2018-08-18,123.36045050470607
2018-08-19,88.31849604508403
2018-08-20,98.89659494974002
2018-08-21,78.94858599901673
2018-08-22,127.78347215517049
2018-08-23,121.44308044623821
2018-08-24,127.64449801909579
2018-08-25,123.77710906652428
2018-08-26,92.7523217621468
2018-08-27,77.48815451674503
2018-08-28,96.0612249556622
2018-08-29,85.63507098810969
2018-08-30,94.53053623488438
2018-08-31,115.26452926990632
2018-09-01,96.18322362776587
2018-09-02,137.14813696231238
2018-09-03,76.74918992408843
2018-09-04,107.2060060090467
2018-09-05,129.28206687455813
2018-09-06,74.82375029669068
2018-09-07,87.4944548372024
2018-09-08,78.99066935801241
2018-09-09,102.45121593307992
2018-09-10,90.36399228751391
2018-09-11,77.07317748587434
2018-09-12,116.6241276801968
2018-09-13,111.54580293309151
2018-09-14,81.89028435575383
2018-09-15,42.33279549947618
2018-09-16,65.20266285061987
2018-09-17,84.15379658639156
2018-09-18,64.6330058576977
2018-09-19,82.22414341186325
2018-09-20,90.8612521497133
2018-09-21,94.14719348048729
2018-09-22,56.80776143614082
2018-09-23,115.19928817596443
2018-09-24,109.84469200811745
2018-09-25,104.58882126355508
2018-09-26,52.43969461613754
2018-09-27,72.49563699190648
2018-09-28,82.34951281369275
2018-09-29,61.72714593750962
2018-09-30,48.00795192209051
2018-10-01,95.0361450884151
2018-10-02,58.14904802669426
2018-10-03,91.08281509832094
2018-10-04,87.77990664132122
2018-10-05,71.16863678158451
2018-10-06,90.56970920250667
2018-10-07,89.19675096619962
2018-10-08,74.97524512499555
2018-10-09,74.56985603135256
2018-10-10,52.086336715505595
2018-10-11,81.8883801352581
2018-10-12,53.443817542632736
2018-10-13,62.14973644920529
2018-10-14,44.620682482442334
2018-10-15,51.26437599135491
2018-10-16,87.54075417933399
2018-10-17,81.22628241988419
2018-10-18,71.0883412464183
2018-10-19,78.14139570656481
2018-10-20,47.33410067379192
2018-10-21,59.51810873826321
2018-10-22,59.10345320803085
2018-10-23,52.39825050258584
2018-10-24,68.99323922627349
2018-10-25,24.55110352371758
2018-10-26,53.70569469555976
2018-10-27,43.406677510481934
2018-10-28,57.53559282922107
2018-10-29,27.3538875763083
2018-10-30,72.46730895599367
2018-10-31,72.40608950642684
2018-11-01,48.572796646107335
2018-11-02,31.901129380058258
2018-11-03,73.5941838322071
2018-11-04,51.27626147171157
2018-11-05,52.62397085920091
2018-11-06,40.78475727906521
2018-11-07,29.998982342494667
2018-11-08,42.02453077226642
2018-11-09,60.147066120829706
2018-11-10,42.36982866396303
2018-11-11,32.169316326084605
2018-11-12,77.3843093343439
2018-11-13,34.23456661594455
2018-11-14,61.98687910032389
2018-11-15,57.13723964083094
2018-11-16,55.28712688615985
2018-11-17,33.682651773772925
2018-11-18,64.2281084848781
2018-11-19,64.36134354672005
2018-11-20,44.81722745138284
2018-11-21,68.34794597320615
2018-11-22,79.69567501189701
2018-11-23,53.13865104702866
2018-11-24,70.21570654396909
2018-11-25,73.88354047957284
2018-11-26,47.63445583110561
2018-11-27,51.397652966162866
2018-11-28,101.08068384411823
2018-11-29,51.75147861739988
2018-11-30,68.5120349519517
2018-12-01,76.74542759517388
2018-12-02,25.172206737800177
2018-12-03,48.34981473537747
2018-12-04,84.840017755826
2018-12-05,50.512158813790926
2018-12-06,46.2257241293823
2018-12-07,59.434573284480095
2018-12-08,71.2721077296073
2018-12-09,48.998286958960676
2018-12-10,10.641111442600298
2018-12-11,28.485082590658443
2018-12-12,35.463453669264936
2018-12-13,43.70277193377289
2018-12-14,43.396818929932465
2018-12-15,59.69055608250679
2018-12-16,56.35755565247223
2018-12-17,64.1339693588403
2018-12-18,79.60562230356027
2018-12-19,42.54016704381981
2018-12-20,30.949831643277854
2018-12-21,39.55668451607467
2018-12-22,89.90193590134365
2018-12-23,43.22955036308594
2018-12-24,43.41297962460217
2018-12-25,34.55955932501181
2018-12-26,65.83324185095182
2018-12-27,41.1737281293082
2018-12-28,60.64419966117917
2018-12-29,32.24251281265351
2018-12-30,33.816373594169164
2018-12-31,64.28108270320502
2019-01-01,43.98370235806519
2019-01-02,6.059565145833403
2019-01-03,69.79416854431105
2019-01-04,56.21924035564533
2019-01-05,72.70060529116739
2019-01-06,54.57294136032694
2019-01-07,60.14237483614491
2019-01-08,90.92428342661495
2019-01-09,78.60234645527387
2019-01-10,31.5168009113084
2019-01-11,77.71317009606149
2019-01-12,100.64621850139297
2019-01-13,69.59743861614697
2019-01-14,70.83151635614756
2019-01-15,57.083576330555424
2019-01-16,69.00655515196708
2019-01-17,65.93781544111735
2019-01-18,95.9826543266
2019-01-19,86.24543559009149
2019-01-20,54.341527588790804
2019-01-21,75.37140021704406
2019-01-22,46.530400755143326
2019-01-23,77.29176010558879
2019-01-24,53.36092941967117
2019-01-25,61.303040279067716
2019-01-26,53.31041700820536
2019-01-27,52.70582409411597
2019-01-28,64.42974532143323
2019-01-29,76.97841919859043
2019-01-30,49.31099330290207
2019-01-31,63.00346042272749
2019-02-01,79.8663076999491
2019-02-02,33.95304157363235
2019-02-03,78.3075252504853
2019-02-04,38.815136991641715
2019-02-05,48.7994744949337
2019-02-06,80.84294734423452
2019-02-07,99.30814414415725
2019-02-08,82.1361924254058
2019-02-09,112.20655780330871
2019-02-10,71.74388440871759
2019-02-11,76.33529617998492
2019-02-12,54.60956573963432
2019-02-13,111.32550380497521
2019-02-14,55.78517273199064
2019-02-15,86.60330138604986
2019-02-16,58.45686178865709
2019-02-17,81.67364351070762
2019-02-18,60.69957751024262
2019-02-19,61.95274515146489
2019-02-20,73.28463948446826
2019-02-21,75.77297400597445
2019-02-22,80.8645908039422
2019-02-23,88.1790808606758
2019-02-24,68.88270700200687
2019-02-25,55.20989699624899
2019-02-26,81.47083008176894
2019-02-27,95.94817213956186
2019-02-28,77.63158718684099
2019-03-01,74.32192241070598
2019-03-02,81.18283193663153
2019-03-03,98.90559063635733
2019-03-04,82.42740358104236
2019-03-05,80.21622720226391
2019-03-06,118.78794061446146
2019-03-07,147.9023818263114
2019-03-08,69.54078552831847
2019-03-09,107.18149165633697
2019-03-10,94.79089670162726
2019-03-11,102.02805843583174
2019-03-12,49.2940708105551
2019-03-13,84.34909098186269
2019-03-14,89.94231911721587
2019-03-15,95.14923900141973
2019-03-16,71.49460126450391
2019-03-17,68.2182462325879
2019-03-18,98.96737283185149
2019-03-19,138.8779619057052
2019-03-20,93.4364582856176
2019-03-21,84.136448687597
2019-03-22,103.47005292720726
2019-03-23,139.7579926062553
2019-03-24,86.08292928873172
2019-03-25,132.97826857528779
2019-03-26,82.51195450452752
2019-03-27,101.76513781049587
2019-03-28,100.77952023898611
2019-03-29,118.5714135620645
2019-03-30,72.6847035831666
2019-03-31,83.21993966052395
2019-04-01,149.13580579165438
2019-04-02,129.14313542440703
2019-04-03,129.31943758681945
2019-04-04,156.48675180874972
2019-04-05,93.41631841645538
2019-04-06,116.18939837129882
2019-04-07,117.536059489201
2019-04-08,143.10816647984421
2019-04-09,96.65117999229501
2019-04-10,118.68851681861085
2019-04-11,125.19591816730187
2019-04-12,123.03291342980165
2019-04-13,120.25639807527028
2019-04-14,123.78649210121094
2019-04-15,124.12740330080501
2019-04-16,137.94071723005806
2019-04-17,144.6009979375964
2019-04-18,143.38844530465116
2019-04-19,131.88042205075112
2019-04-20,116.96603324148768
2019-04-21,117.20071540880235
2019-04-22,93.06457961446789
2019-04-23,124.68807632494615
2019-04-24,97.82863792806867
2019-04-25,128.56388800194927
2019-04-26,126.80723281557346
2019-04-27,100.85309240897604
2019-04-28,131.4597990753041
2019-04-29,146.09862869142637
2019-04-30,161.69606531332965
2019-05-01,105.83192279760009
2019-05-02,111.14742976185818
2019-05-03,147.8582899677957
2019-05-04,98.41736227279478
2019-05-05,141.8397319894185
2019-05-06,122.51477772379612
2019-05-07,139.1611741345246
2019-05-08,154.207153720973
2019-05-09,96.09270511747715
2019-05-10,137.0682161780589
2019-05-11,124.7557590848144
2019-05-12,163.07825257152223
2019-05-13,104.73349821624362
2019-05-14,152.83292441309356
2019-05-15,163.29231903299709
2019-05-16,129.2696109089295
2019-05-17,136.272677867106
2019-05-18,154.58085921568824
2019-05-19,143.26846939140682
2019-05-20,145.41592740354557
2019-05-21,181.4763291881457
2019-05-22,156.82077153059458
2019-05-23,104.48767056922827
2019-05-24,125.05529084275979
2019-05-25,140.7920575424891
2019-05-26,144.62762730100698
2019-05-27,152.5657405743118
2019-05-28,154.52555733148435
2019-05-29,162.82811919319437
2019-05-30,200.36973414334747
2019-05-31,161.6331039691357
2019-06-01,149.32101522934084
2019-06-02,162.24165659535444
2019-06-03,156.03080023687554
2019-06-04,134.16823269516988
2019-06-05,145.9973874890128
2019-06-06,149.00655961816813
2019-06-07,171.98232784491424
2019-06-08,159.10503683289977
2019-06-09,142.6890145514577
2019-06-10,138.9077091474506
2019-06-11,136.88432724575253
2019-06-12,148.7009811302224
2019-06-13,99.37988839147052
2019-06-14,145.93179376258072
2019-06-15,137.3599425740593
2019-06-16,159.75745647005238
2019-06-17,153.48025768112026
2019-06-18,132.91696602189097
2019-06-19,149.11093712005072
2019-06-20,120.82286754456055
2019-06-21,151.6320093353053
2019-06-22,154.37633344130856
2019-06-23,147.06348867608787
2019-06-24,163.99872931976716
2019-06-25,152.80334213406766
2019-06-26,162.7413783112038
2019-06-27,146.32468617116473
2019-06-28,146.28826302567148
2019-06-29,130.72548600345368
2019-06-30,153.71667706273246
2019-07-01,150.081625740761
2019-07-02,163.3884764182301
2019-07-03,160.07501725921716
2019-07-04,162.64504969139193
2019-07-05,150.0639247177381
2019-07-06,181.85921158556206
2019-07-07,165.0059929876486
2019-07-08,162.03575405772665
2019-07-09,154.02562292568672
2019-07-10,121.18237009499956
2019-07-11,126.11099228272985
2019-07-12,124.36335893666816
2019-07-13,144.36451652992818
2019-07-14,133.13623880062048
2019-07-15,156.4160782936509
2019-07-16,157.7714009735397
2019-07-17,148.10126677396136
2019-07-18,149.93493922970063
2019-07-19,164.14692592522826
2019-07-20,152.8300162218744
2019-07-21,128.996478201672
2019-07-22,109.07944808192117
2019-07-23,124.20326100935193
2019-07-24,147.96209537166183
2019-07-25,184.28499975510726
2019-07-26,119.85097560105945
2019-07-27,134.77041684725103
2019-07-28,150.16383096687986
2019-07-29,137.92551312088494
2019-07-30,164.8336137034269
2019-07-31,156.5546454057311
2019-08-01,176.95743322018347
2019-08-02,135.8246525147969
2019-08-03,140.72362921838345
2019-08-04,155.08290066800168
2019-08-05,127.37675339732482
2019-08-06,130.5959390587366
2019-08-07,142.29895637452472
2019-08-08,131.4998040943689
2019-08-09,127.70034463676616
2019-08-10,139.14632801844053
2019-08-11,118.2207948423296
2019-08-12,116.65064571787795
2019-08-13,117.83838075683389
2019-08-14,125.39116751736948
2019-08-15,136.83373797186715
2019-08-16,148.84543193329014
2019-08-17,127.10074650690987
2019-08-18,132.2039591449123
2019-08-19,133.67650996619207
2019-08-20,137.81183234955145
2019-08-21,141.52878013344898
2019-08-22,104.5042834415788
2019-08-23,154.71508617864583
2019-08-24,135.44968286766834
2019-08-25,114.34154541918441
2019-08-26,134.9817411194768
2019-08-27,155.36434860183658
2019-08-28,165.22806012678836
2019-08-29,120.53233458216
2019-08-30,98.01624692460129
2019-08-31,122.1685216997749
2019-09-01,122.2751710421585
2019-09-02,102.80624520499451
2019-09-03,123.89665611398289
2019-09-04,146.45600165932842
2019-09-05,136.07478003640068
2019-09-06,130.32124352075195
2019-09-07,112.5341137288852
2019-09-08,108.29233123366902
2019-09-09,123.02327565634684
2019-09-10,103.01284446180185
2019-09-11,139.9849751535587
2019-09-12,122.12937641924556
2019-09-13,95.89465879503919
2019-09-14,120.10457926751644
2019-09-15,138.7350716300373
2019-09-16,98.88678920856896
2019-09-17,108.05346847407901
2019-09-18,115.52196342794124
2019-09-19,119.55092930221741
2019-09-20,108.50730322498725
2019-09-21,97.97998430868314
2019-09-22,105.2593949504252
2019-09-23,78.67296724608497
2019-09-24,112.75571114330374
2019-09-25,127.8846831026396
2019-09-26,106.7403031781662
2019-09-27,87.01254999337448
2019-09-28,100.50143567939756
2019-09-29,98.25824007868532
2019-09-30,129.25092122915126
2019-10-01,114.07645884757336
2019-10-02,74.68785009514075
2019-10-03,103.58772219043277
2019-10-04,73.9365098838325
2019-10-05,102.02430729254334
2019-10-06,91.53321605213016
2019-10-07,110.98916805520817
2019-10-08,90.1722088648366
2019-10-09,94.44704875635368
2019-10-10,93.88468954578799
2019-10-11,54.948898933971805
2019-10-12,100.71694546152278
2019-10-13,102.82061674065866
2019-10-14,99.52188741622665
2019-10-15,54.114833997779144
2019-10-16,112.99960088777628
2019-10-17,114.43090450928734
2019-10-18,98.91939593274951
2019-10-19,86.32723097554509
2019-10-20,84.36752261829407
2019-10-21,90.46849759918385
2019-10-22,89.35259866460052
2019-10-23,103.42147537153832
2019-10-24,102.1076847013135
2019-10-25,83.26570430588633
2019-10-26,110.9820117371071
2019-10-27,77.30859965726385
2019-10-28,45.144417861668906
2019-10-29,108.46200166704486
2019-10-30,103.67661985048284
2019-10-31,41.08480179983973
2019-11-01,58.251653269846855
2019-11-02,70.70567245661218
2019-11-03,80.29999800422769
2019-11-04,71.01284301173457
2019-11-05,64.81469604640614
2019-11-06,64.28737087013529
2019-11-07,71.94825463206628
2019-11-08,80.98767338757341
2019-11-09,120.69588243145752
2019-11-10,79.79600402823284
2019-11-11,68.78296352711365
2019-11-12,57.095462067155204
2019-11-13,84.42135203983757
2019-11-14,51.57586245377237
2019-11-15,47.79094531882617
2019-11-16,61.05359143851872
2019-11-17,55.303189140468795
2019-11-18,55.373006169784276
2019-11-19,73.27699524307923
2019-11-20,84.6083680459341
2019-11-21,69.0875950841453
2019-11-22,69.90322334328053
2019-11-23,60.260254952970165
2019-11-24,56.53629607722492
2019-11-25,58.217693658102675
2019-11-26,88.89253286857448
2019-11-27,78.8950942848612
2019-11-28,77.24395723007025
2019-11-29,83.26933275257792
2019-11-30,80.02449786050369
2019-12-01,75.86784833245451
2019-12-02,56.62159084124371
2019-12-03,26.299469054690043
2019-12-04,60.124070114108186
2019-12-05,74.95139102231752
2019-12-06,41.21183302980438
2019-12-07,37.57988913674945
2019-12-08,49.75791793063986
2019-12-09,34.21496763170576
2019-12-10,46.410498652560264
2019-12-11,14.645425934576615
2019-12-12,75.64611309445192
2019-12-13,42.60579624563088
2019-12-14,74.28979459478012
2019-12-15,50.55659530294336
2019-12-16,36.34799252182383
2019-12-17,20.531461052735253
2019-12-18,12.713306816842085
2019-12-19,45.64784857859788
2019-12-20,31.87708153359175
2019-12-21,37.759721765047836
2019-12-22,44.17358288978607
2019-12-23,64.59514519411917
2019-12-24,36.999921051741666
2019-12-25,28.565507126068148
2019-12-26,43.23203786235513
2019-12-27,41.41786239116401
2019-12-28,43.11826954176805
2019-12-29,53.07031726648268
2019-12-30,34.85252641219569
2019-12-31,24.085414983679424
2020-01-01,62.2336291755865
2020-01-02,43.31176825048566
2020-01-03,51.67287429219035
2020-01-04,39.8654223007312
2020-01-05,41.26131527307325
2020-01-06,25.21981333425077
2020-01-07,43.885012563949196
2020-01-08,46.99775802829604
2020-01-09,20.613727883836585
2020-01-10,21.295373416855767
2020-01-11,65.43262838307135
2020-01-12,76.6622393675174
2020-01-13,11.205824390491998
2020-01-14,24.493302332011854
2020-01-15,46.37790305617838
2020-01-16,63.88176631586342
2020-01-17,78.71880020141813
2020-01-18,59.12476468052199
2020-01-19,45.01473140296069
2020-01-20,39.83459078733343
2020-01-21,11.345000020699558
2020-01-22,80.98805577784974
2020-01-23,59.47176794414244
2020-01-24,81.4183400284167
2020-01-25,54.65416820477233
2020-01-26,55.38162244570943
2020-01-27,40.36337154592752
2020-01-28,39.503796650440144
2020-01-29,57.27919911859989
2020-01-30,57.8200037545804
2020-01-31,55.376726732340394
2020-02-01,24.80125178792126
2020-02-02,55.090777527342745
2020-02-03,65.28630941601634
2020-02-04,64.54649804008845
2020-02-05,38.64473384376092
2020-02-06,25.759363009996232
2020-02-07,22.728877863574038
2020-02-08,23.723066030899055
2020-02-09,67.34481515684715
2020-02-10,39.05612921399475
2020-02-11,35.78380329206591
2020-02-12,51.9765322910753
2020-02-13,75.13972255392206
2020-02-14,56.11790763445158
2020-02-15,52.09874919875961
2020-02-16,73.5547761572263
2020-02-17,84.47060394267677
2020-02-18,52.25232748976268
2020-02-19,34.19159825586412
2020-02-20,79.38918265336038
2020-02-21,98.66526029633408
2020-02-22,57.81751871648999
2020-02-23,63.01707104425716
2020-02-24,55.7121867963051
2020-02-25,67.06777839637994
2020-02-26,68.54276587844126
2020-02-27,71.20302186746878
2020-02-28,63.530097073870394
2020-02-29,84.06948627051005
2020-03-01,58.25411540662174
2020-03-02,94.44235343368756
2020-03-03,49.3659219410736
2020-03-04,60.68186363286807
2020-03-05,30.73294432809888
2020-03-06,32.62870954249095
2020-03-07,86.58206292410262
2020-03-08,68.97168775455151
2020-03-09,80.47427661612171
2020-03-10,108.67578491476038
2020-03-11,43.5034791147045
2020-03-12,71.61009228845705
2020-03-13,89.47405177076905
2020-03-14,57.37822313273202
2020-03-15,65.04310129690411
2020-03-16,79.31166215208903
2020-03-17,93.69465766843373
2020-03-18,76.41276687252005
2020-03-19,99.44657407782806
2020-03-20,55.933038230425865
2020-03-21,47.71032543224007
2020-03-22,66.35158948628788
2020-03-23,82.71903126966748
2020-03-24,77.98580025434306
2020-03-25,53.31454380086359
2020-03-26,103.15677404528893
2020-03-27,51.36676535666831
2020-03-28,80.99584508348407
2020-03-29,59.445406125110686
2020-03-30,76.09469701433227
2020-03-31,92.24066756953444
2020-04-01,82.66148371472515
2020-04-02,56.27514870099547
2020-04-03,76.63302096991332
2020-04-04,82.45734140414902
2020-04-05,128.37483334538078
2020-04-06,116.29632774913637
2020-04-07,77.59912148057222
2020-04-08,92.32469823973418
2020-04-09,90.10437577620885
2020-04-10,117.38368359071941
2020-04-11,112.6722259412334
2020-04-12,66.2142840135441
2020-04-13,105.39862738792407
2020-04-14,97.93039295063042
2020-04-15,111.63547000023027
2020-04-16,96.48074330765218
2020-04-17,87.72418058998748
2020-04-18,102.02036820310458
2020-04-19,96.56725206876352
2020-04-20,59.335026184155566
2020-04-21,74.14522805465691
2020-04-22,86.40996081821461
2020-04-23,84.7331408823577
2020-04-24,119.16678233287507
2020-04-25,97.70521143079108
2020-04-26,78.03837794619844
2020-04-27,101.06187565625962
2020-04-28,102.45816983689271
2020-04-29,99.45997234074424
2020-04-30,61.811649833324076
2020-05-01,97.83618730632386
2020-05-02,131.21740068214433
2020-05-03,124.17659222669865
2020-05-04,113.4557774301493
2020-05-05,124.90689738577282
2020-05-06,115.59171891263763
2020-05-07,114.26678420638292
2020-05-08,106.4556045515358
2020-05-09,96.62717505793088
2020-05-10,130.97937375638472
2020-05-11,111.0015950383448
2020-05-12,173.31406328319792
2020-05-13,120.73530492543523
2020-05-14,120.63960124262258
2020-05-15,117.794565740772
2020-05-16,149.96371895175173
2020-05-17,132.06787277350148
2020-05-18,139.2795772711762
2020-05-19,111.64063497129989
2020-05-20,146.1107709986714
2020-05-21,99.781138075959
2020-05-22,145.52502973072626
2020-05-23,95.75556914068491
2020-05-24,135.89888414157645
2020-05-25,145.4676113776201
2020-05-26,175.23992600063463
2020-05-27,168.8275551109444
2020-05-28,127.97718763234295
2020-05-29,126.09990112196839
2020-05-30,98.13616904894313
2020-05-31,124.99920819380246
2020-06-01,134.74259661181816
2020-06-02,134.74854879360996
2020-06-03,145.61524936635826
2020-06-04,117.15687225927687
2020-06-05,143.33918282255019
2020-06-06,136.77267392654196
2020-06-07,122.60769638398475
2020-06-08,87.00819877013097
2020-06-09,145.131976717196
2020-06-10,156.62016529982117
2020-06-11,137.6510704112167
2020-06-12,132.3156539050201
2020-06-13,145.78043613165954
2020-06-14,131.95721045082675
2020-06-15,155.956170956963
2020-06-16,152.24886655203025
2020-06-17,157.14014053257833
2020-06-18,155.07991993359525
2020-06-19,146.2551174459287
2020-06-20,100.31014485483472
2020-06-21,138.39095794513713
2020-06-22,120.95905766387064
