Date,Sunspots
1749-01-31,35.230407817054896
1749-02-28,58.87557565558784
1749-03-31,46.252469428388835
1749-04-30,40.82117651786338
1749-05-31,61.19136581383927
1749-06-30,48.469444712642016
1749-07-31,48.535649657130456
1749-08-31,42.31341082927785
1749-09-30,57.34000389310918
1749-10-31,54.059134896121265
1749-11-30,55.40211828146248
1749-12-31,42.74487899180722
1750-01-31,76.94342273202918
1750-02-28,67.04457014161571
1750-03-31,55.07378880938403
1750-04-30,77.19006206427566
1750-05-31,51.52003991984195
1750-06-30,53.26544593786456
1750-07-31,65.75298254294313
1750-08-31,57.62850519361515
1750-09-30,69.76886397986841
1750-10-31,62.42468703801631
1750-11-30,89.40038242198293
1750-12-31,67.25859898547677
1751-01-31,63.10888245902659
1751-02-28,58.878412369644096
1751-03-31,66.69143414394621
1751-04-30,63.2163455233365
1751-05-31,69.80162870680118
1751-06-30,86.62769116310467
1751-07-31,84.41466556355584
1751-08-31,71.59233615020555
1751-09-30,76.44913969629006
1751-10-31,61.24123567039747
1751-11-30,78.22955065979497
1751-12-31,73.29498404339547
1752-01-31,90.43378866759205
1752-02-29,61.055237479054234
1752-03-31,90.48016534864573
1752-04-30,80.86432211641107
1752-05-31,59.94831843150425
1752-06-30,68.83986565450502
1752-07-31,73.08683230049968
1752-08-31,88.7829690000334
1752-09-30,55.77147977425564
1752-10-31,80.89911871692239
1752-11-30,63.812778901570304
1752-12-31,94.31080432494178
1753-01-31,80.66281403412104
1753-02-28,75.56150570826904
1753-03-31,72.1013465898621
1753-04-30,92.38730795842648
1753-05-31,75.94675838843133
1753-06-30,76.48787025221127
1753-07-31,79.24608780582199
1753-08-31,98.1112712900811
1753-09-30,90.75823000378047
1753-10-31,89.419324890541
1753-11-30,74.29906478662298
1753-12-31,84.52480643723685
1754-01-31,86.06057183496759
1754-02-28,70.18109525342035
1754-03-31,94.6648719334549
1754-04-30,90.37931830447384
1754-05-31,94.21212986653529
1754-06-30,80.37735519364836
1754-07-31,63.5958404851679
1754-08-31,83.4431442239231
1754-09-30,77.18711308820308
1754-10-31,88.09701277257886
1754-11-30,106.16367030426585
1754-12-31,96.66415597815431
1755-01-31,103.91025177296162
1755-02-28,88.81328050741512
1755-03-31,115.78632586982786
1755-04-30,89.10394784254859
1755-05-31,99.53280912250591
1755-06-30,106.93244108597622
1755-07-31,79.28444371030118
1755-08-31,91.52992323726467
1755-09-30,88.94864540861794
1755-10-31,81.88089121621883
1755-11-30,80.05326209437176
1755-12-31,93.93552062901473
1756-01-31,107.37968992649216
1756-02-29,68.01559738033421
1756-03-31,84.85530988099606
1756-04-30,89.49693586644068
1756-05-31,90.90858031310638
1756-06-30,79.36358975123999
1756-07-31,95.8834320363684
1756-08-31,79.6045841120342
1756-09-30,94.38696699538433
1756-10-31,78.98776062314357
1756-11-30,72.87341749342207
1756-12-31,88.49433630047852
1757-01-31,93.07088076455746
1757-02-28,97.2152370221925
1757-03-31,83.20532940066887
1757-04-30,93.77521845635526
1757-05-31,81.31000166712498
1757-06-30,82.33408788746533
1757-07-31,96.37155884275107
1757-08-31,83.6841353574913
1757-09-30,71.76932383011156
1757-10-31,81.12383668928679
1757-11-30,103.85733451404244
1757-12-31,85.7205580810977
1758-01-31,96.28447864473864
1758-02-28,87.40433146169268
1758-03-31,102.1669002931989
1758-04-30,77.9807289780295
1758-05-31,91.8986366812767
1758-06-30,83.29824812918166
1758-07-31,70.42088087711095
1758-08-31,91.66283926086126
1758-09-30,89.60346116751532
1758-10-31,85.95575357749539
1758-11-30,89.41701638537265
1758-12-31,75.86149144449385
1759-01-31,76.6370833108773
1759-02-28,92.89093382129522
1759-03-31,76.82887050226721
1759-04-30,83.01776825622647
1759-05-31,69.09848454565133
1759-06-30,68.52556913729411
1759-07-31,76.19417194329806
1759-08-31,70.1581220885966
1759-09-30,70.83253098606053
1759-10-31,53.76930825368694
1759-11-30,59.06746363153606
1759-12-31,86.15133540634359
1760-01-31,68.26359420047945
1760-02-29,60.44690298326167
1760-03-31,89.57815490276165
1760-04-30,78.07422741468159
1760-05-31,81.15660233782279
1760-06-30,77.3505698050807
1760-07-31,59.45527005907722
1760-08-31,72.26492890523888
1760-09-30,72.71483759798747
1760-10-31,62.31652966200652
1760-11-30,64.18016482453257
1760-12-31,51.32736922500783
1761-01-31,66.61139422870528
1761-02-28,81.40575357181683
1761-03-31,49.15603455836018
1761-04-30,61.884930327578154
1761-05-31,54.96966646617987
1761-06-30,58.28459369509115
1761-07-31,75.84912290855348
1761-08-31,56.106929610351365
1761-09-30,80.60874386261156
1761-10-31,70.28537600212167
1761-11-30,60.88957758274777
1761-12-31,63.9694520471655
1762-01-31,53.623283110492025
1762-02-28,51.18476436762525
1762-03-31,51.78687389145476
1762-04-30,53.58127813059844
1762-05-31,50.04529853202245
1762-06-30,50.46074362927475
1762-07-31,43.688327794221145
1762-08-31,52.099206212734664
1762-09-30,64.19590532824385
1762-10-31,62.547825818874905
1762-11-30,47.01769195915333
1762-12-31,55.92918591472179
1763-01-31,41.75832347041446
1763-02-28,42.76490923762273
1763-03-31,54.17249241306723
1763-04-30,39.50103572006246
1763-05-31,40.65930196046603
1763-06-30,50.624835295459434
1763-07-31,38.73169956411469
1763-08-31,36.95625372043472
1763-09-30,32.04294575374049
1763-10-31,50.38923912948106
1763-11-30,49.5985933933524
1763-12-31,32.72278961332933
1764-01-31,37.22854113141393
1764-02-29,29.909563598229752
1764-03-31,40.30479493581842
1764-04-30,24.345183762935697
1764-05-31,30.252747109744575
1764-06-30,24.600313389293966
1764-07-31,24.043188506757357
1764-08-31,23.657229329445983
1764-09-30,18.354778121438276
1764-10-31,60.690126321430824
1764-11-30,33.440139529142385
1764-12-31,23.893071864995783
1765-01-31,40.361741819417304
1765-02-28,38.26154336525054
1765-03-31,35.42320547206759
1765-04-30,30.61897114002503
1765-05-31,37.14742269681247
1765-06-30,30.493533775444256
1765-07-31,13.923250196060982
1765-08-31,21.03302650154683
1765-09-30,19.11021555782683
1765-10-31,17.925392594046848
1765-11-30,43.501307135333974
1765-12-31,26.517084212610797
1766-01-31,29.297531425064452
1766-02-28,17.947405611774364
1766-03-31,21.050002904796518
1766-04-30,17.3788953764492
1766-05-31,13.220935595529761
1766-06-30,15.35807576461762
1766-07-31,30.63495874432492
1766-08-31,25.517688436610996
1766-09-30,15.942958839319928
1766-10-31,27.48001345003037
1766-11-30,25.858631651046643
1766-12-31,23.670610730456232
1767-01-31,17.141645929357875
1767-02-28,20.015832522310593
1767-03-31,9.749489316208594
1767-04-30,7.376194626320281
1767-05-31,11.238120020695746
1767-06-30,8.710875663307986
1767-07-31,13.00533085307979
1767-08-31,18.313404380494735
1767-09-30,29.05566275333435
1767-10-31,21.719010810526527
1767-11-30,22.418982576265375
1767-12-31,18.616355782260786
1768-01-31,20.905791228714897
1768-02-29,42.10656107175026
1768-03-31,24.467378854803762
1768-04-30,-5.2201852426187365
1768-05-31,11.485508418855785
1768-06-30,3.4493766618726855
1768-07-31,22.344555550805083
1768-08-31,-4.615649689765165
1768-09-30,5.7608050124088335
1768-10-31,15.810495094671218
1768-11-30,-12.640527091145199
1768-12-31,10.156013615307874
1769-01-31,17.11202352717549
1769-02-28,-5.389024043971169
1769-03-31,16.5517780916707
1769-04-30,6.132525589573972
1769-05-31,17.98742131562823
1769-06-30,10.337174618752002
1769-07-31,-7.680920656686759
1769-08-31,31.863612716763093
1769-09-30,15.87284061002053
1769-10-31,-4.313362616755397
1769-11-30,19.64375682929957
1769-12-31,1.224117095484953
1770-01-31,13.768751672836279
1770-02-28,-8.920464726355831
1770-03-31,6.321023884853435
1770-04-30,-3.532848934348248
1770-05-31,8.679822281025993
1770-06-30,0.21673000241513662
1770-07-31,13.713340062143004
1770-08-31,3.146330698693383
1770-09-30,3.332703554987801
1770-10-31,-3.774066393023041
1770-11-30,13.603227364005239
1770-12-31,15.617197122383498
1771-01-31,12.537719160205377
1771-02-28,-0.3117825748976273
1771-03-31,6.342772154270027
1771-04-30,12.94446514858396
1771-05-31,11.876477356359283
1771-06-30,13.501940088754067
1771-07-31,5.878600206151296
1771-08-31,25.40477465790221
1771-09-30,13.298577243722667
1771-10-31,24.167689018263566
1771-11-30,28.199724637813222
1771-12-31,4.260369231210204
1772-01-31,13.561142842450492
1772-02-29,18.843600460985066
1772-03-31,23.90964656191786
1772-04-30,29.60123201604113
1772-05-31,8.075125353841674
1772-06-30,11.185698862980702
1772-07-31,16.882725768226315
1772-08-31,0.1306357053496363
1772-09-30,22.808952696450884
1772-10-31,19.194989144179274
1772-11-30,43.01577908560593
1772-12-31,10.522340574262346
1773-01-31,26.093834642882726
1773-02-28,36.69493582143561
1773-03-31,16.090457911658884
1773-04-30,20.013275328977585
1773-05-31,25.89422663985744
1773-06-30,32.7836475230804
1773-07-31,27.612191412454624
1773-08-31,20.864704521003613
1773-09-30,15.516448618782547
1773-10-31,0.6544289235990242
1773-11-30,34.963829764043105
1773-12-31,37.68721245060524
1774-01-31,8.02239892565294
1774-02-28,19.44719094908283
1774-03-31,20.605231738332634
1774-04-30,30.130748389368254
1774-05-31,41.96713270829315
1774-06-30,38.77448619344949
1774-07-31,39.18418128370798
1774-08-31,27.02071324105171
1774-09-30,23.70865306618383
1774-10-31,39.5864730903275
1774-11-30,34.06606052907025
1774-12-31,52.95027631632561
1775-01-31,36.51343981513353
1775-02-28,36.52446761147652
1775-03-31,56.11937568484094
1775-04-30,23.490098390172008
1775-05-31,38.18474201721474
1775-06-30,20.251209254410853
1775-07-31,43.64434530495655
1775-08-31,35.672382454236136
1775-09-30,41.771184524277885
1775-10-31,43.284512143560974
1775-11-30,51.509088175174504
1775-12-31,51.639792063718176
1776-01-31,48.804127289717705
1776-02-29,53.37614843576124
1776-03-31,42.47675682240605
1776-04-30,47.2700137859391
1776-05-31,34.5551818425718
1776-06-30,50.417424290322984
1776-07-31,56.81416582529961
1776-08-31,53.75443515358076
1776-09-30,62.79873350279149
1776-10-31,41.552896370058136
1776-11-30,71.98692630284327
1776-12-31,41.99714237798261
1777-01-31,62.12312311298972
1777-02-28,58.54972501196297
1777-03-31,55.31770231514763
1777-04-30,44.34297141856446
1777-05-31,61.570441567556664
1777-06-30,37.52884926034024
1777-07-31,67.94675805576234
1777-08-31,60.56720204890698
1777-09-30,60.54928350523653
1777-10-31,72.97868024699227
1777-11-30,58.445169032847794
1777-12-31,57.62283879790473
1778-01-31,60.51465720737282
1778-02-28,60.01767765374465
1778-03-31,67.35583303386444
1778-04-30,65.90836204334212
1778-05-31,63.406695398843254
1778-06-30,62.11279322864433
1778-07-31,85.33440817404907
1778-08-31,79.68635464922203
1778-09-30,60.67662486724319
1778-10-31,74.84660898293271
1778-11-30,76.60810957158088
1778-12-31,64.2380230312944
1779-01-31,70.30396272241516
1779-02-28,78.12264158904871
1779-03-31,73.86687521332806
1779-04-30,93.93763915419893
1779-05-31,67.29892495488416
1779-06-30,77.77501792360674
1779-07-31,58.69760037908034
1779-08-31,66.74664957788617
1779-09-30,67.40653649535003
1779-10-31,63.257627160284684
1779-11-30,79.11125926311078
1779-12-31,101.97051024694882
1780-01-31,65.91832196568944
1780-02-29,98.01093308775758
1780-03-31,91.85202183359804
1780-04-30,89.84449696174438
1780-05-31,88.04075000091954
1780-06-30,88.62186919275253
1780-07-31,82.65588587258922
1780-08-31,77.22361716542001
1780-09-30,78.72699483522841
1780-10-31,81.5356644518424
1780-11-30,85.95031110847953
1780-12-31,86.21076376568976
1781-01-31,73.38177296964746
1781-02-28,69.52200341476647
1781-03-31,63.03762543457447
1781-04-30,78.07678824958928
1781-05-31,78.01558941826151
1781-06-30,89.08810764899087
1781-07-31,92.79026784240158
1781-08-31,77.43219297667267
1781-09-30,74.13797461468927
1781-10-31,94.42544394084827
1781-11-30,92.51813187007329
1781-12-31,91.4207880325888
1782-01-31,80.27406307349183
1782-02-28,83.24759268516216
1782-03-31,94.7879754157334
1782-04-30,76.93867385340897
1782-05-31,102.23702830307107
1782-06-30,84.17329791698586
1782-07-31,82.12258449940232
1782-08-31,87.58652148605347
1782-09-30,73.20770011928872
1782-10-31,84.29172672105409
1782-11-30,79.4184523311108
1782-12-31,72.27794235685703
1783-01-31,81.77199994798477
1783-02-28,80.12925638781864
1783-03-31,89.84743905639222
1783-04-30,93.7928833271695
1783-05-31,88.52501635661649
1783-06-30,84.5799476784167
1783-07-31,110.7468821913343
1783-08-31,101.8634939498058
1783-09-30,97.9100568831534
1783-10-31,106.32167256568181
1783-11-30,103.35533266534821
1783-12-31,84.86480323679304
1784-01-31,91.66818740250172
1784-02-29,77.74360508411259
1784-03-31,92.19857759277589
1784-04-30,87.17366047773893
1784-05-31,100.95205656606684
1784-06-30,84.0333689289065
1784-07-31,90.34015786551943
1784-08-31,89.92932115778481
1784-09-30,94.78817323109452
1784-10-31,96.35164481845115
1784-11-30,81.7479275568661
1784-12-31,80.50060280844008
1785-01-31,79.26394965936612
1785-02-28,106.0284553832387
1785-03-31,81.20797352255477
1785-04-30,88.6301711753478
1785-05-31,89.16029005090282
1785-06-30,86.27828518886896
1785-07-31,82.24061150485663
1785-08-31,90.04830906672467
1785-09-30,83.09897996268758
1785-10-31,81.30217535512948
1785-11-30,81.8572733408062
1785-12-31,67.32183772190008
1786-01-31,81.51049039622511
1786-02-28,76.60502589617275
1786-03-31,72.73135745410016
1786-04-30,79.18979791915041
1786-05-31,79.28514712232925
1786-06-30,87.8877601358102
1786-07-31,82.00651256693567
1786-08-31,66.29536903792662
1786-09-30,86.11186965794133
1786-10-31,79.43932703478697
1786-11-30,87.53724519808088
1786-12-31,78.40288790747837
1787-01-31,88.4943730567101
1787-02-28,80.83429487129963
1787-03-31,68.72744463953698
1787-04-30,66.32909245862027
1787-05-31,77.05539827358507
1787-06-30,76.81747700233512
1787-07-31,55.42046197602714
1787-08-31,74.77817377856901
1787-09-30,94.87104520120532
1787-10-31,92.8348131017747
1787-11-30,86.76451408325399
1787-12-31,80.9898463843581
1788-01-31,67.90902507626552
1788-02-29,71.82706307352487
1788-03-31,88.54395535916275
1788-04-30,78.82705810104446
1788-05-31,77.8969660654046
1788-06-30,70.38821220635597
1788-07-31,65.68435212226302
1788-08-31,61.21694613070754
1788-09-30,70.90431598630997
1788-10-31,76.67607314331178
1788-11-30,80.03779378832591
1788-12-31,72.61124076952501
1789-01-31,70.18868120638167
1789-02-28,71.64798630278246
1789-03-31,57.27188786950133
1789-04-30,56.03700912295393
1789-05-31,67.85367785109732
1789-06-30,53.61251407627749
1789-07-31,53.824720949938936
1789-08-31,75.34444032915543
1789-09-30,60.60296190416895
1789-10-31,47.799397047242095
1789-11-30,78.22712104482495
1789-12-31,50.48701797203393
1790-01-31,47.29117063200262
1790-02-28,68.43548210092848
1790-03-31,43.187580449080144
1790-04-30,54.17220446824143
1790-05-31,47.67044403657696
1790-06-30,50.71825396841073
1790-07-31,44.29702674743537
1790-08-31,38.73408632380804
1790-09-30,52.78506434827181
1790-10-31,51.27523397676857
1790-11-30,42.23230075918534
1790-12-31,51.13327541957072
1791-01-31,49.48529793369538
1791-02-28,32.60286649317257
1791-03-31,42.90340080398696
1791-04-30,51.929911469289976
1791-05-31,32.01643783809085
1791-06-30,50.24214478874848
1791-07-31,52.59851591010335
1791-08-31,47.428938664749964
1791-09-30,42.881968892282394
1791-10-31,26.419161517087993
1791-11-30,28.126268702725582
1791-12-31,46.28642228267252
1792-01-31,22.485089261746644
1792-02-29,29.462883601422842
1792-03-31,25.30487194800026
1792-04-30,41.2900591533336
1792-05-31,36.526874963335146
1792-06-30,41.06423744342439
1792-07-31,47.79363504278786
1792-08-31,15.60113848216938
1792-09-30,40.426163509571396
1792-10-31,13.727338114188488
1792-11-30,16.880617011069084
1792-12-31,31.9598113709368
1793-01-31,36.780703241685366
1793-02-28,43.67473028130027
1793-03-31,12.207843648402282
1793-04-30,17.576661038379676
1793-05-31,33.20376962546058
1793-06-30,33.048387033920484
1793-07-31,7.836982377748516
1793-08-31,17.00689939557841
1793-09-30,22.035721577911726
1793-10-31,15.343057231823098
1793-11-30,33.3142631077538
1793-12-31,7.542646070919133
1794-01-31,37.272802248482584
1794-02-28,19.58004284437279
1794-03-31,22.342727815837883
1794-04-30,10.264709997031982
1794-05-31,8.544064664280354
1794-06-30,9.233296231230508
1794-07-31,27.844787572893583
1794-08-31,22.6523316932512
1794-09-30,26.56290342809803
1794-10-31,10.815934068291899
1794-11-30,24.116032754178804
1794-12-31,15.437686465986657
1795-01-31,-0.954484260610645
1795-02-28,18.514134723333033
1795-03-31,7.925735661695215
1795-04-30,19.15581112574647
1795-05-31,10.426018388207275
1795-06-30,18.07799669913305
1795-07-31,9.786300652742284
1795-08-31,-0.8433306585772673
1795-09-30,15.345978096214662
1795-10-31,-4.53363677264435
1795-11-30,11.436106171694467
1795-12-31,-5.043438943828889
1796-01-31,-1.1438304492737732
1796-02-29,-4.213658567937346
1796-03-31,22.72671633023625
1796-04-30,30.63341177180461
1796-05-31,10.637200341135223
1796-06-30,12.632693377263859
1796-07-31,8.75882242402626
1796-08-31,9.10986328524749
1796-09-30,3.746443374390841
1796-10-31,5.705557244371241
1796-11-30,14.834522383015614
1796-12-31,20.825710336519457
1797-01-31,16.29519082043272
1797-02-28,15.69643277012304
1797-03-31,3.535183290439191
1797-04-30,1.7004744888966155
1797-05-31,21.925663212678028
1797-06-30,8.422862074439507
1797-07-31,26.786632359980825
1797-08-31,7.456536152609215
1797-09-30,-7.795832546470436
1797-10-31,10.724614669765986
1797-11-30,18.71818605243031
1797-12-31,13.661033979365733
1798-01-31,-12.752741631850107
1798-02-28,1.565999858294294
1798-03-31,14.371123698658586
1798-04-30,10.649667546114753
1798-05-31,16.439781646673985
1798-06-30,10.357072212211511
1798-07-31,24.971063262115536
1798-08-31,14.179965640271465
1798-09-30,2.1985638279140893
1798-10-31,11.209576395689961
1798-11-30,14.062696949960221
1798-12-31,4.2249941210399875
1799-01-31,6.171770487211919
1799-02-28,18.16693362927809
1799-03-31,6.579056592287248
1799-04-30,10.762210510224305
1799-05-31,26.210330584141307
1799-06-30,16.401044646239075
1799-07-31,23.583419397156604
1799-08-31,18.125874972909955
1799-09-30,20.41827850173189
1799-10-31,21.18817555627209
1799-11-30,20.284490907593774
1799-12-31,2.282851234643715
1800-01-31,13.151349930787141
1800-02-28,25.871403221114342
1800-03-31,28.465036324834642
1800-04-30,14.358666599300683
1800-05-31,7.631727421411465
1800-06-30,16.49552432310278
1800-07-31,7.2509374267469795
1800-08-31,21.6925059918393
1800-09-30,21.82738351428809
1800-10-31,20.38894244317828
1800-11-30,24.782210449802996
1800-12-31,15.463187536799264
1801-01-31,39.50561631772895
1801-02-28,32.2145403731238
1801-03-31,32.97968048423296
1801-04-30,19.836746514821694
1801-05-31,6.699491159724676
1801-06-30,31.19125627532231
1801-07-31,38.048075439196516
1801-08-31,38.62757746281056
1801-09-30,32.736179360021794
1801-10-31,25.692901566586333
1801-11-30,45.554729921285855
1801-12-31,25.322280508134966
1802-01-31,34.71303425320252
1802-02-28,30.271408641407266
1802-03-31,28.579087936189254
1802-04-30,31.469852083658456
1802-05-31,53.04566344293059
1802-06-30,57.93515527023576
1802-07-31,35.94049634108518
1802-08-31,16.713052303185812
1802-09-30,33.254715247946294
1802-10-31,67.74729198541972
1802-11-30,42.633525619403926
1802-12-31,41.346297326267
1803-01-31,41.99842960545796
1803-02-28,34.23286798967406
1803-03-31,35.63810715552359
1803-04-30,30.815037372548865
1803-05-31,53.675530008529876
1803-06-30,36.67557372371483
1803-07-31,27.895226569276335
1803-08-31,40.7612090173409
1803-09-30,50.58904190755223
1803-10-31,47.81050690839808
1803-11-30,60.58388319385948
1803-12-31,45.44167044484327
1804-01-31,35.32471148980892
1804-02-29,61.63343619405106
1804-03-31,48.85653776016573
1804-04-30,56.21754286535445
1804-05-31,66.3672184605654
1804-06-30,54.98639640095422
1804-07-31,48.52286157228791
1804-08-31,53.88598080786263
1804-09-30,50.17698062934085
1804-10-31,65.10956430753077
1804-11-30,60.248806885439194
1804-12-31,48.0980391252792
1805-01-31,38.830335698784964
1805-02-28,66.58850567860551
1805-03-31,65.30425530123719
1805-04-30,56.39746074219598
1805-05-31,69.76507726882424
1805-06-30,56.99264818917443
1805-07-31,47.09189555686864
1805-08-31,70.31867420388504
1805-09-30,67.93250043492166
1805-10-31,70.98490684006703
1805-11-30,66.55309122234598
1805-12-31,57.86913320863236
1806-01-31,80.04935294947914
1806-02-28,71.05496421031425
1806-03-31,71.25033659482611
1806-04-30,59.97599197220337
1806-05-31,70.13369981703609
1806-06-30,46.8207142592441
1806-07-31,84.19027822250897
1806-08-31,74.82004542214395
1806-09-30,82.97854640374587
1806-10-31,58.27256713850579
1806-11-30,72.20679932966232
1806-12-31,77.52180128366827
1807-01-31,96.27805338540983
1807-02-28,81.68837557216223
1807-03-31,73.78416030378895
1807-04-30,64.16913783117963
1807-05-31,66.08013630134307
1807-06-30,58.191267602371866
1807-07-31,92.63029878902634
1807-08-31,85.67891484276966
1807-09-30,89.09401479993478
1807-10-31,75.30884379502413
1807-11-30,70.24680185028323
1807-12-31,83.81876049494333
1808-01-31,85.7664712242542
1808-02-29,87.80360558409049
1808-03-31,90.03334214702124
1808-04-30,99.24251606580572
1808-05-31,84.74035090248806
1808-06-30,86.63618513844412
1808-07-31,65.04680762571508
1808-08-31,83.34928772841761
1808-09-30,84.97459110874316
1808-10-31,114.10293771350415
1808-11-30,65.29310087853001
1808-12-31,68.75596247319213
1809-01-31,91.49332838422913
1809-02-28,77.09798903273725
1809-03-31,84.82056304887239
1809-04-30,88.1430162720496
1809-05-31,81.0005794023339
1809-06-30,89.29550842473483
1809-07-31,96.58680138216017
1809-08-31,75.79089136743
1809-09-30,95.04400620808367
1809-10-31,84.43106177221146
1809-11-30,105.84626200719458
1809-12-31,85.79101779682942
1810-01-31,85.51912585442236
1810-02-28,95.21846688004203
1810-03-31,101.03589258264317
1810-04-30,109.9525673679286
1810-05-31,91.27721808608904
1810-06-30,72.58763336778063
1810-07-31,93.9563549310527
1810-08-31,91.6366031631454
1810-09-30,88.99755700491802
1810-10-31,85.91940683789424
1810-11-30,80.88638914489316
1810-12-31,96.85179733641385
1811-01-31,98.96970260024334
1811-02-28,81.35965958650482
1811-03-31,78.25802917759336
1811-04-30,70.13577612492087
1811-05-31,96.60083937770106
1811-06-30,80.40510565593388
1811-07-31,80.45692550092791
1811-08-31,99.12917262205465
1811-09-30,82.89214837874462
1811-10-31,85.55526085532463
1811-11-30,87.38490775064089
1811-12-31,85.06917677797765
1812-01-31,79.90815818409419
1812-02-29,90.92743877997216
1812-03-31,82.71041443311323
1812-04-30,79.09025579759161
1812-05-31,79.8282561524687
1812-06-30,96.00224715479156
1812-07-31,85.66242150159454
1812-08-31,83.31496162158179
1812-09-30,92.10364813018654
1812-10-31,99.44132640616624
1812-11-30,64.63078142415443
1812-12-31,97.47765849571675
1813-01-31,89.28280939400088
1813-02-28,94.11582171822639
1813-03-31,86.98257394485053
1813-04-30,92.35666559700392
1813-05-31,86.01250040971318
1813-06-30,92.04753161978634
1813-07-31,88.10034143023177
1813-08-31,74.59190283206077
1813-09-30,103.0142930018584
1813-10-31,86.2472788582388
1813-11-30,79.88468237769834
1813-12-31,76.812072141776
1814-01-31,71.17766428293478
1814-02-28,68.6193998135701
1814-03-31,85.46315718077314
1814-04-30,66.86920159327974
1814-05-31,88.06838429255876
1814-06-30,77.20706494369476
1814-07-31,75.14241577489804
1814-08-31,77.78107436968853
1814-09-30,80.70660116412098
1814-10-31,71.74594094025562
1814-11-30,74.67156681992049
1814-12-31,77.2233426790499
1815-01-31,70.1602360728056
1815-02-28,59.553005300214636
1815-03-31,77.29622993692735
1815-04-30,71.34357352096835
1815-05-31,85.64766144382762
1815-06-30,68.93580827782839
1815-07-31,72.41861533467426
1815-08-31,81.80183222962256
1815-09-30,61.73655975304754
1815-10-31,49.151267547015934
1815-11-30,66.10995578579289
1815-12-31,73.56092966793578
1816-01-31,69.71637864033646
1816-02-29,63.83241736314963
1816-03-31,68.55699207335186
1816-04-30,70.27898033292227
1816-05-31,59.069424669207486
1816-06-30,44.42463942802246
1816-07-31,72.36765652868772
1816-08-31,54.012549152135826
1816-09-30,69.69380280638559
1816-10-31,63.85687230205508
1816-11-30,71.35454758792963
1816-12-31,59.5253425637468
1817-01-31,68.10220726678793
1817-02-28,50.27843115726913
1817-03-31,50.280597946303175
1817-04-30,47.3815184094341
1817-05-31,51.308274725576396
1817-06-30,42.04649081751603
1817-07-31,34.92707534599682
1817-08-31,43.29617453325061
1817-09-30,54.5170238851223
1817-10-31,52.08261372510147
1817-11-30,50.37529972113553
1817-12-31,41.64885269683716
1818-01-31,68.5854714957596
1818-02-28,34.40325981856914
1818-03-31,63.486620051753476
1818-04-30,44.47961256133395
1818-05-31,54.20749989979192
1818-06-30,47.20790351054295
1818-07-31,42.714388128245645
1818-08-31,49.01840791354859
1818-09-30,50.455591845981616
1818-10-31,34.09397395788348
1818-11-30,34.71133767782258
1818-12-31,58.19033380721384
1819-01-31,27.22285521842358
1819-02-28,58.40297935501529
1819-03-31,26.7873306197248
1819-04-30,13.227717395534203
1819-05-31,42.18930851163783
1819-06-30,49.00385677298644
1819-07-31,22.34157680809598
1819-08-31,18.972265834811754
1819-09-30,24.759340907753
1819-10-31,20.53382646424852
1819-11-30,34.82701690513683
1819-12-31,30.476396245711516
1820-01-31,18.422678694680265
1820-02-29,48.69896452709482
1820-03-31,9.603628919197877
1820-04-30,39.28857441574288
1820-05-31,15.67560975907367
1820-06-30,9.704756315742461
1820-07-31,32.29044746980124
1820-08-31,12.500118296188337
1820-09-30,39.73617917266781
1820-10-31,38.16626520267243
1820-11-30,16.57504529960775
1820-12-31,11.073695559300646
1821-01-31,4.784608165526883
1821-02-28,12.753995024876518
1821-03-31,23.074677385571572
1821-04-30,13.365138394832755
1821-05-31,18.765539683797158
1821-06-30,19.891132202239028
1821-07-31,17.25550378456813
1821-08-31,21.32008845720565
1821-09-30,32.11788502871246
1821-10-31,21.10332779647684
1821-11-30,13.664474266189668
1821-12-31,13.80984045307068
1822-01-31,22.090532760195433
1822-02-28,24.282554281149714
1822-03-31,19.89153667985816
1822-04-30,5.7565509491046
1822-05-31,28.043034485816534
1822-06-30,7.1393251139834835
1822-07-31,21.90299365824639
1822-08-31,5.566247362713023
1822-09-30,9.177645680662138
1822-10-31,17.543960617850964
1822-11-30,0.8946383053624771
1822-12-31,27.105442776574165
1823-01-31,19.983641404421057
1823-02-28,8.73626162659168
1823-03-31,8.387179161062141
1823-04-30,-5.402687434987101
1823-05-31,22.872813241907842
1823-06-30,1.1526219794657369
1823-07-31,10.355713190973786
1823-08-31,3.3695072870026737
1823-09-30,3.6309177212535797
1823-10-31,1.750654872217602
1823-11-30,1.9697104511559829
1823-12-31,11.499496115791803
1824-01-31,11.08432625457991
1824-02-29,5.807080095300834
1824-03-31,8.849384724185517
1824-04-30,18.181512544124615
1824-05-31,23.69446108532045
1824-06-30,17.275464660310323
1824-07-31,18.932388621192587
1824-08-31,8.65461154754738
1824-09-30,23.623454439431335
1824-10-31,-4.948232545728782
1824-11-30,18.09637583696084
1824-12-31,12.228165319639434
1825-01-31,27.450284291389146
1825-02-28,6.530350344910817
1825-03-31,-5.903969148784906
1825-04-30,2.8811633874381357
1825-05-31,14.175874930051855
1825-06-30,4.556914228930271
1825-07-31,-3.106783334422042
1825-08-31,1.678803329116862
1825-09-30,2.495561207324391
1825-10-31,17.175341639549643
1825-11-30,19.513240789294642
1825-12-31,-1.9737241423135181
1826-01-31,1.453128274715425
1826-02-28,5.956676336417569
1826-03-31,7.10188664410018
1826-04-30,15.504766860913378
1826-05-31,11.1911415349034
1826-06-30,-2.260798259724023
1826-07-31,11.952438555462363
1826-08-31,17.960787828694624
1826-09-30,1.0871643379873728
1826-10-31,36.120542731287706
1826-11-30,14.442473964417957
1826-12-31,27.25637000452408
1827-01-31,11.149001190643073
1827-02-28,25.76715016899523
1827-03-31,14.42488348295873
1827-04-30,15.831144201936318
1827-05-31,10.843980632313615
1827-06-30,25.628095561485473
1827-07-31,16.72348208488507
1827-08-31,16.623577005283465
1827-09-30,42.39753918890119
1827-10-31,16.380572397142817
1827-11-30,8.12848953547373
1827-12-31,24.705119146165103
1828-01-31,25.23245707281775
1828-02-29,30.829182340726433
1828-03-31,25.79221890542545
1828-04-30,25.43208801790034
1828-05-31,7.345669852373508
1828-06-30,25.26561125173978
1828-07-31,33.715729049497156
1828-08-31,27.703125808994354
1828-09-30,36.849862096454956
1828-10-31,25.466757118758807
1828-11-30,31.556439191381777
1828-12-31,29.45813744840974
1829-01-31,21.382986562120102
1829-02-28,28.156461521871275
1829-03-31,41.553011662563335
1829-04-30,41.12476678293663
1829-05-31,36.48327012855475
1829-06-30,32.00275364802434
1829-07-31,29.29624650126832
1829-08-31,47.70637586691443
1829-09-30,42.884482805780465
1829-10-31,36.56667795517452
1829-11-30,17.897366012068733
1829-12-31,19.466622531048657
1830-01-31,43.88533074919967
1830-02-28,27.000619252700297
1830-03-31,20.924002558454617
1830-04-30,36.06026738128002
1830-05-31,46.272318661335596
1830-06-30,42.06085786332361
1830-07-31,27.62634387379233
1830-08-31,43.44438474316055
1830-09-30,34.81187189969435
1830-10-31,35.083688591651246
1830-11-30,35.924373027718644
1830-12-31,51.388967088005764
1831-01-31,31.15125058912898
1831-02-28,53.925889795214445
1831-03-31,34.40086508009933
1831-04-30,38.54904981112011
1831-05-31,65.29350885788662
1831-06-30,55.85829770576451
1831-07-31,25.45734011595524
1831-08-31,57.99057383265999
1831-09-30,41.656998339734685
1831-10-31,36.588802121227
1831-11-30,64.18564615015967
1831-12-31,50.453753512831426
1832-01-31,57.353261569286865
1832-02-29,69.06145041957797
1832-03-31,57.17610756115875
1832-04-30,64.49818927239424
1832-05-31,60.15310736219213
1832-06-30,62.43604175874936
1832-07-31,52.93769941043954
1832-08-31,74.26010906050557
1832-09-30,77.8560700751633
1832-10-31,66.12755266494828
1832-11-30,49.70993614524431
1832-12-31,66.31075138138502
1833-01-31,74.87449912266246
1833-02-28,50.75218264112807
1833-03-31,48.41468711602003
1833-04-30,65.24607570901236
1833-05-31,72.01468866592487
1833-06-30,67.28075048260982
1833-07-31,68.0923587356152
1833-08-31,71.83427577102177
1833-09-30,76.80794353092548
1833-10-31,71.68039317378096
1833-11-30,58.37564918261547
1833-12-31,67.46289252957064
1834-01-31,79.24084713492061
1834-02-28,83.20051920700057
1834-03-31,76.00778746521095
1834-04-30,89.20385206647052
1834-05-31,77.76857708093848
1834-06-30,91.04745972671041
1834-07-31,60.6932813198222
1834-08-31,78.70551776255824
1834-09-30,63.01999486838276
1834-10-31,60.056944257163636
1834-11-30,90.86803401126741
1834-12-31,72.37536182765506
1835-01-31,76.47616633732353
1835-02-28,84.23520550143368
1835-03-31,82.03170100474023
1835-04-30,75.60909638422945
1835-05-31,76.09533415539916
1835-06-30,90.27225426569784
1835-07-31,89.95355455758569
1835-08-31,90.42301827912198
1835-09-30,89.53380017837303
1835-10-31,80.85227190022933
1835-11-30,77.34538060624249
1835-12-31,82.16331129095984
1836-01-31,86.87199316523926
1836-02-29,77.1816181522
1836-03-31,87.04316043216907
1836-04-30,80.62032268712917
1836-05-31,94.78311528382916
1836-06-30,85.7752215911622
1836-07-31,86.96736262134687
1836-08-31,86.86658014862289
1836-09-30,90.56478276038554
1836-10-31,95.52411071703348
1836-11-30,88.5183935348692
1836-12-31,83.63467556173772
1837-01-31,89.8366551023339
1837-02-28,66.70054764735181
1837-03-31,109.22097000235323
1837-04-30,93.36163200274902
1837-05-31,82.70964859602526
1837-06-30,94.57946499812788
1837-07-31,97.03561489838962
1837-08-31,83.19415910725169
1837-09-30,73.88975186222129
1837-10-31,86.43688292046504
1837-11-30,93.43238385379134
1837-12-31,103.1348980075744
1838-01-31,85.63543913373104
1838-02-28,97.09074018478603
1838-03-31,98.26431483889081
1838-04-30,91.15926830891533
1838-05-31,85.12288294294959
1838-06-30,110.70392277905236
1838-07-31,97.36670628074603
1838-08-31,89.04950054227848
1838-09-30,100.47021828153402
1838-10-31,90.06226080750821
1838-11-30,91.24237663436858
1838-12-31,80.87825031988581
1839-01-31,88.09337883895897
1839-02-28,86.04973840428131
1839-03-31,109.173170064838
1839-04-30,83.49251740883246
1839-05-31,105.29700711187937
1839-06-30,96.60050396431771
1839-07-31,81.03167606281951
1839-08-31,97.47406099651215
1839-09-30,86.88989227450537
1839-10-31,84.82783592301429
1839-11-30,85.1884944938367
1839-12-31,94.2281906450645
1840-01-31,100.7539642687998
1840-02-29,92.77822062337466
1840-03-31,100.40601880116108
1840-04-30,81.0996492138745
1840-05-31,79.36136635666715
1840-06-30,73.4084732419466
1840-07-31,111.80664975185223
1840-08-31,89.16045028600861
1840-09-30,93.74325502569859
1840-10-31,91.46799364285431
1840-11-30,106.35885341828369
1840-12-31,84.60765249071329
1841-01-31,84.5552788455235
1841-02-28,102.68725094843987
1841-03-31,75.7491454005507
1841-04-30,81.16201990246506
1841-05-31,75.41498337078778
1841-06-30,91.7749638972924
1841-07-31,71.34583623977113
1841-08-31,70.74321842309436
1841-09-30,58.13548318704785
1841-10-31,92.3913071512238
1841-11-30,82.95229889616141
1841-12-31,77.54376601419605
1842-01-31,75.01323371923003
1842-02-28,61.48916249678443
1842-03-31,86.52932710725105
1842-04-30,82.93273477034144
1842-05-31,86.53227779584994
1842-06-30,85.82767997406114
1842-07-31,54.422107211748
1842-08-31,72.4580417856475
1842-09-30,87.40737535795752
1842-10-31,67.69858871823516
1842-11-30,50.62024350136303
1842-12-31,73.34369745214033
1843-01-31,69.58229445476982
1843-02-28,69.38597236007126
1843-03-31,64.22503085825767
1843-04-30,67.85739569655128
1843-05-31,58.798750885927284
1843-06-30,95.77500333384975
1843-07-31,66.53548550821405
1843-08-31,80.16499936475086
1843-09-30,67.88161781170317
1843-10-31,67.3134876511361
1843-11-30,59.64761996465597
1843-12-31,69.5960043277037
1844-01-31,66.88610687344895
1844-02-29,59.0817236094299
1844-03-31,50.95829467756496
1844-04-30,63.2733920430897
1844-05-31,80.67587372810553
1844-06-30,71.10742974296048
1844-07-31,56.93021680958587
1844-08-31,67.83732454008789
1844-09-30,57.25903831535242
1844-10-31,55.44620591352246
1844-11-30,58.79790256510718
1844-12-31,74.89285924124468
1845-01-31,62.06113899684809
1845-02-28,46.453478996872626
1845-03-31,57.17528493564199
1845-04-30,37.87539147217907
1845-05-31,39.328020803107165
1845-06-30,42.85338831455372
1845-07-31,41.51990171045022
1845-08-31,56.69818425497691
1845-09-30,51.72282971455641
1845-10-31,45.930689593255984
1845-11-30,66.70353483689257
1845-12-31,35.5959870738514
1846-01-31,50.261147990902586
1846-02-28,43.33469166242164
1846-03-31,18.841584546907047
1846-04-30,32.42315297104389
1846-05-31,38.79148509317447
1846-06-30,52.47967874653332
1846-07-31,51.08120009511735
1846-08-31,21.105888226945865
1846-09-30,30.997143836376758
1846-10-31,50.837675285891486
1846-11-30,28.64261955351904
1846-12-31,30.210693985566913
1847-01-31,15.755063595559204
1847-02-28,43.95638750288969
1847-03-31,24.99238476909936
1847-04-30,34.96613490240786
1847-05-31,47.48087988346885
1847-06-30,44.320889842634585
1847-07-31,32.58696891175247
1847-08-31,43.45742740905484
1847-09-30,36.75931094548414
1847-10-31,15.804195975165495
1847-11-30,21.295760780838975
1847-12-31,40.981826214823215
1848-01-31,15.69194924205044
1848-02-29,39.49778043315363
1848-03-31,27.337579939184433
1848-04-30,40.911733154182855
1848-05-31,24.555422105033024
1848-06-30,23.0478337095851
1848-07-31,17.381685689721536
1848-08-31,11.370215109034405
1848-09-30,24.09995286992618
1848-10-31,28.983617598792605
1848-11-30,22.830490448875555
1848-12-31,30.669805939259824
1849-01-31,24.248115793026802
1849-02-28,13.740232879751924
1849-03-31,23.348914034917552
1849-04-30,15.851367076791613
1849-05-31,18.163376332941304
1849-06-30,5.43014168803246
1849-07-31,21.112804966111533
1849-08-31,28.530322585407347
1849-09-30,3.35659788809242
1849-10-31,8.020187556084522
1849-11-30,19.193579448412038
1849-12-31,21.555155597704676
1850-01-31,14.445121020224562
1850-02-28,25.575083923533207
1850-03-31,24.768801068616078
1850-04-30,17.882837632882723
1850-05-31,-12.410031733585942
1850-06-30,12.882655606508468
1850-07-31,22.741619764654445
1850-08-31,5.571306748723851
1850-09-30,5.764483840795361
1850-10-31,5.303938290251974
1850-11-30,7.595354826454605
1850-12-31,10.4412814612371
1851-01-31,3.896097028528403
1851-02-28,-6.506081722600758
1851-03-31,-5.543513893129553
1851-04-30,12.566474268410566
1851-05-31,4.1919790391161005
1851-06-30,15.4640165569024
1851-07-31,9.323501495468662
1851-08-31,17.555548656020513
1851-09-30,1.3111170879170544
1851-10-31,-8.42088989100548
1851-11-30,4.789272621940978
1851-12-31,9.42880893113059
1852-01-31,-7.16290799419237
1852-02-29,0.37575464831751937
1852-03-31,1.2454476403900347
1852-04-30,23.799295742142135
1852-05-31,-8.440730055437786
1852-06-30,27.900206775762324
1852-07-31,17.253371227793444
1852-08-31,9.292002266248927
1852-09-30,13.707605078432463
1852-10-31,10.79587647036725
1852-11-30,13.84918133750153
1852-12-31,-5.524442442439842
1853-01-31,3.307093035362021
1853-02-28,25.2026637635461
1853-03-31,-7.81648854376548
1853-04-30,7.672422334662606
1853-05-31,11.699410808214159
1853-06-30,18.686029291862695
1853-07-31,20.632127229136344
1853-08-31,14.918040333982548
1853-09-30,16.105472172817358
1853-10-31,42.24474136957295
1853-11-30,2.4496527875540544
1853-12-31,19.595237690419857
1854-01-31,20.651621335821492
1854-02-28,11.44584028685463
1854-03-31,20.55792721667101
1854-04-30,24.830495179367144
1854-05-31,-7.508662177314562
1854-06-30,15.645956911551092
1854-07-31,17.981903005080905
1854-08-31,19.34180707501315
1854-09-30,20.605886250574553
1854-10-31,11.173416376325378
1854-11-30,3.877239948850704
1854-12-31,17.25587382660129
1855-01-31,27.727409665045037
1855-02-28,25.38109684293534
1855-03-31,11.851849129965643
1855-04-30,34.620818560217884
1855-05-31,16.974501154751795
1855-06-30,25.762377385575114
1855-07-31,25.505780687837966
1855-08-31,31.513513997918313
1855-09-30,16.939395252335174
1855-10-31,18.058136111522174
1855-11-30,34.83530668862447
1855-12-31,12.344683909918395
1856-01-31,14.997974179897192
1856-02-29,16.24267881783353
1856-03-31,23.31784188199127
1856-04-30,32.31427339484164
1856-05-31,30.489452922536213
1856-06-30,23.239595382589908
1856-07-31,32.82962850084814
1856-08-31,23.90003437991698
1856-09-30,48.156848514720565
1856-10-31,37.420154081620765
1856-11-30,46.54282934120941
1856-12-31,36.56569185313125
1857-01-31,32.581697673646154
1857-02-28,31.271728906417326
1857-03-31,42.17624043817517
1857-04-30,37.01365634203902
1857-05-31,26.245542728314586
1857-06-30,50.54126425658804
1857-07-31,33.97006567863093
1857-08-31,42.58174345877413
1857-09-30,41.90410383574074
1857-10-31,36.98482965136109
1857-11-30,53.10952871083574
1857-12-31,35.15614683197006
1858-01-31,51.56924042605832
1858-02-28,38.296887153573266
1858-03-31,53.49756522604352
1858-04-30,34.9500556693609
1858-05-31,46.83083159589936
1858-06-30,52.35133413618975
1858-07-31,56.8892118784954
1858-08-31,28.170392625912857
1858-09-30,55.085027358438786
1858-10-31,33.11362082519675
1858-11-30,44.775529803667766
1858-12-31,47.827431771848154
1859-01-31,60.80948931332934
1859-02-28,52.624184124055425
1859-03-31,53.51828597454519
1859-04-30,55.784162488524714
1859-05-31,38.60401860565924
1859-06-30,60.441284683789846
1859-07-31,53.06553459959591
1859-08-31,50.34413712085581
1859-09-30,61.85732669119236
1859-10-31,53.411253810465254
1859-11-30,69.63092032341049
1859-12-31,64.36664142735589
1860-01-31,60.5625362426244
1860-02-29,84.36941708485564
1860-03-31,56.50013520071955
1860-04-30,58.57349720122354
1860-05-31,64.19926524308184
1860-06-30,64.36863827630219
1860-07-31,65.72212399179388
1860-08-31,53.361481233697916
1860-09-30,52.604848653113045
1860-10-31,69.2248063017554
1860-11-30,56.64751836947075
1860-12-31,61.892403574449105
1861-01-31,75.53732257794952
1861-02-28,58.70793986783571
1861-03-31,61.994534268691524
1861-04-30,73.63969725703863
1861-05-31,62.89266983988843
1861-06-30,72.72550718428224
1861-07-31,75.37888187327454
1861-08-31,67.51414450413937
1861-09-30,79.286903512285
1861-10-31,60.779541273917516
1861-11-30,67.40071524293577
1861-12-31,87.75535814431717
1862-01-31,64.52518303713973
1862-02-28,77.4421615480861
1862-03-31,87.88042856129164
1862-04-30,80.73480693249036
1862-05-31,59.984299160626044
1862-06-30,70.85118407737389
1862-07-31,76.37894650646324
1862-08-31,90.26908739695479
1862-09-30,82.91358230831334
1862-10-31,82.02080935044852
1862-11-30,84.41805249008421
1862-12-31,90.411441605448
1863-01-31,98.19890463755189
1863-02-28,80.16350401709178
1863-03-31,67.18466505383934
1863-04-30,82.9161315517469
1863-05-31,80.484536865362
1863-06-30,68.94547848146951
1863-07-31,83.02078596216438
1863-08-31,76.8946141816838
1863-09-30,83.32495858110144
1863-10-31,90.03606614578231
1863-11-30,96.6899538747051
1863-12-31,92.34023699889289
1864-01-31,73.37796250816655
1864-02-29,86.34415781077551
1864-03-31,86.98394274585168
1864-04-30,102.74165939158156
1864-05-31,100.40118172452937
1864-06-30,82.08173546791946
1864-07-31,104.30528703729644
1864-08-31,79.7721248096131
1864-09-30,78.53173619429093
1864-10-31,99.3843930306942
1864-11-30,77.79972537151946
1864-12-31,84.07673764591885
1865-01-31,71.61619123584904
1865-02-28,83.62897160566844
1865-03-31,90.03530430315993
1865-04-30,91.9343737536319
1865-05-31,75.03692506210803
1865-06-30,100.72849816157988
1865-07-31,84.58132060806257
1865-08-31,87.77553311877924
1865-09-30,76.60457096014842
1865-10-31,93.31286830399817
1865-11-30,90.37476118971645
1865-12-31,101.15277039011261
1866-01-31,84.6632635739692
1866-02-28,111.009715763359
1866-03-31,97.21464097870903
1866-04-30,68.45021367505177
1866-05-31,84.84075226433532
1866-06-30,101.83119025355143
1866-07-31,99.34608956168464
1866-08-31,89.81198074164396
1866-09-30,82.94156307074253
1866-10-31,80.86565971234562
1866-11-30,84.78392922046406
1866-12-31,85.08002787685717
1867-01-31,86.16785353888842
1867-02-28,78.65225228130085
1867-03-31,85.86993596308515
1867-04-30,92.14636814792635
1867-05-31,90.21621409435178
1867-06-30,80.9823346884869
1867-07-31,89.83670594056076
1867-08-31,72.15484589234032
1867-09-30,87.14152185289096
1867-10-31,83.38089839653053
1867-11-30,71.30034843712201
1867-12-31,81.24727595796239
1868-01-31,94.11591328618483
1868-02-29,85.28104760317314
1868-03-31,94.93266850681528
1868-04-30,109.42994739195211
1868-05-31,76.62011162459929
1868-06-30,82.36358020192631
1868-07-31,83.70974991266459
1868-08-31,93.12712620785074
1868-09-30,89.16646117155521
1868-10-31,57.4482738592112
1868-11-30,77.64625193230698
1868-12-31,74.87114207767306
1869-01-31,74.5311656355554
1869-02-28,73.18899314174699
1869-03-31,87.65679332422032
1869-04-30,79.54088624821404
1869-05-31,71.35824073911111
1869-06-30,86.26671148006652
1869-07-31,73.8548746098858
1869-08-31,67.06121341958494
1869-09-30,93.3075797817647
1869-10-31,70.73348551292865
1869-11-30,57.12318934270731
1869-12-31,74.79635963251228
1870-01-31,78.44238432259733
1870-02-28,58.600551165332504
1870-03-31,55.817282885219264
1870-04-30,56.0140735488857
1870-05-31,78.93680446988603
1870-06-30,78.42795248652317
1870-07-31,70.1304637070735
1870-08-31,66.16956903290287
1870-09-30,71.29099968674716
1870-10-31,59.94723398675666
1870-11-30,44.42123019625812
1870-12-31,70.06136557137701
1871-01-31,66.07146046990712
1871-02-28,64.48987365947401
1871-03-31,73.64331468708974
1871-04-30,72.24408591745201
1871-05-31,40.33884450311399
1871-06-30,49.112873086692005
1871-07-31,57.62392447825854
1871-08-31,68.98512221725078
1871-09-30,57.57578566586961
1871-10-31,51.62646289710228
1871-11-30,55.84174795545459
1871-12-31,58.1398343100374
1872-01-31,56.238987131808074
1872-02-29,57.21284836276571
1872-03-31,75.34076007615425
1872-04-30,56.876020661053865
1872-05-31,49.94894911455206
1872-06-30,59.34139793516911
1872-07-31,38.813477815474855
1872-08-31,69.36716762205651
1872-09-30,72.6963112413799
1872-10-31,65.90240017278215
1872-11-30,45.180997035450766
1872-12-31,60.72505714165957
1873-01-31,43.30106708493092
1873-02-28,57.17264156244723
1873-03-31,32.56252189252295
1873-04-30,37.13023995856214
1873-05-31,37.97635919424987
1873-06-30,39.0728294835292
1873-07-31,46.88599174375078
1873-08-31,38.77799208889389
1873-09-30,43.59296401705517
1873-10-31,36.702153885565416
1873-11-30,28.581726958095203
1873-12-31,48.00088654039176
1874-01-31,49.2957714390114
1874-02-28,38.20635920354882
1874-03-31,25.899817372751606
1874-04-30,48.03327281196485
1874-05-31,40.070439832684976
1874-06-30,17.90626230256335
1874-07-31,42.260831437584955
1874-08-31,44.88801940883795
1874-09-30,5.37123447770221
1874-10-31,33.24675024268396
1874-11-30,19.99229658124993
1874-12-31,9.139565513255874
1875-01-31,24.601077432513094
1875-02-28,27.33421365591557
1875-03-31,25.591329384835046
1875-04-30,19.277643102873814
1875-05-31,24.950249306865764
1875-06-30,18.583816077345034
1875-07-31,19.970146214468414
1875-08-31,38.45078725453604
1875-09-30,43.80922005715115
1875-10-31,32.06713768189427
1875-11-30,38.028980195980616
1875-12-31,20.533494744392677
1876-01-31,14.198285044780029
1876-02-29,28.716942985350915
1876-03-31,22.862511191986197
1876-04-30,30.109312579125884
1876-05-31,21.41058963226523
1876-06-30,23.70792629580959
1876-07-31,22.736007909610592
1876-08-31,29.203285341150117
1876-09-30,22.585568035442165
1876-10-31,12.65218549403317
1876-11-30,8.340431716439978
1876-12-31,6.972112434194308
1877-01-31,24.823376963362662
1877-02-28,19.6279410387911
1877-03-31,13.416374463182901
1877-04-30,17.932143208945547
1877-05-31,11.809168451121948
1877-06-30,19.29704355175209
1877-07-31,12.893529603799063
1877-08-31,13.634796937283339
1877-09-30,17.137310177965954
1877-10-31,23.34957220142403
1877-11-30,28.86584428400147
1877-12-31,16.45096686756393
1878-01-31,-1.8915856179780803
1878-02-28,2.22415789928926
1878-03-31,9.016640197242829
1878-04-30,7.19944044501533
1878-05-31,20.288700983291285
1878-06-30,0.1216171613970598
1878-07-31,7.906202037636423
1878-08-31,36.306755986079786
1878-09-30,11.673552068581447
1878-10-31,14.863456246959512
1878-11-30,13.739029241017036
1878-12-31,13.923851459429333
1879-01-31,9.842529330643641
1879-02-28,14.635353232289642
1879-03-31,18.133866195546126
1879-04-30,5.471893872592635
1879-05-31,2.053774356046288
1879-06-30,17.096861774968474
1879-07-31,23.94259821000938
1879-08-31,-0.3395206853072974
1879-09-30,-9.398821858737392
1879-10-31,9.13475396388435
1879-11-30,18.811670029414216
1879-12-31,2.1443434322006976
1880-01-31,12.1202057134644
1880-02-29,-2.523555650123642
1880-03-31,9.427731062742911
1880-04-30,3.761272835238821
1880-05-31,2.779643528339694
1880-06-30,-2.9451719268230505
1880-07-31,-6.775098390828557
1880-08-31,13.648180591909735
1880-09-30,25.298053498771722
1880-10-31,14.631647275159304
1880-11-30,20.856675788218126
1880-12-31,15.232154411941819
1881-01-31,17.355474305578163
1881-02-28,17.174881589738536
1881-03-31,9.245482169009183
1881-04-30,8.697852745764951
1881-05-31,28.937483177029577
1881-06-30,17.649443902811377
1881-07-31,1.1385750115109374
1881-08-31,4.6719356298360015
1881-09-30,12.398215771554364
1881-10-31,29.521740985886247
1881-11-30,3.5537277537671326
1881-12-31,29.425959498909393
1882-01-31,21.630190925264472
1882-02-28,27.786686746050492
1882-03-31,23.83951098130246
1882-04-30,17.984885924211707
1882-05-31,16.431567485230794
1882-06-30,22.978196115879904
1882-07-31,12.292940689542839
1882-08-31,20.709831393033767
1882-09-30,38.171278514716946
1882-10-31,27.010734049630276
1882-11-30,31.57481510445365
1882-12-31,12.701494716827163
1883-01-31,14.026938663192727
1883-02-28,29.979934856208533
1883-03-31,29.735512450270637
1883-04-30,12.139888397660542
1883-05-31,27.644297700145795
1883-06-30,26.108470464065263
1883-07-31,34.93182288176442
1883-08-31,37.753280144980934
1883-09-30,31.23091874231145
1883-10-31,30.321999270446376
1883-11-30,32.27479545360921
1883-12-31,18.658298985769708
1884-01-31,26.189810920604433
1884-02-29,6.458851341304385
1884-03-31,28.562255619216266
1884-04-30,31.51068090506436
1884-05-31,27.04173850035787
1884-06-30,30.01233324188888
1884-07-31,43.66860180090282
1884-08-31,29.135669393777146
1884-09-30,57.160498636164505
1884-10-31,33.27636918703486
1884-11-30,28.92661868454469
1884-12-31,65.61530535485826
1885-01-31,21.393377125011533
1885-02-28,23.97757375799002
1885-03-31,47.48531021444566
1885-04-30,40.82114037991351
1885-05-31,28.56162034938456
1885-06-30,52.37381448916105
1885-07-31,47.8140802610424
1885-08-31,43.16407808857576
1885-09-30,29.349028661098174
1885-10-31,42.08220955550651
1885-11-30,49.20597636051305
1885-12-31,63.358724553021034
1886-01-31,63.74018057891473
1886-02-28,42.54911864236292
1886-03-31,40.24745447752233
1886-04-30,46.6858152749087
1886-05-31,54.435224293424874
1886-06-30,41.336869676479395
1886-07-31,46.78024633663757
1886-08-31,52.05687709645918
1886-09-30,61.78847460754676
1886-10-31,41.82774981548786
1886-11-30,59.31243366397018
1886-12-31,39.79110300521283
1887-01-31,85.0680780856269
1887-02-28,57.26450409018203
1887-03-31,59.54991147499821
1887-04-30,72.5755612234818
1887-05-31,73.7995536273792
1887-06-30,78.64494791061405
1887-07-31,47.81550155422539
1887-08-31,50.87107095533985
1887-09-30,67.68933068847227
1887-10-31,55.27915123324325
1887-11-30,43.068335024462534
1887-12-31,65.98765935010704
1888-01-31,70.77117051639304
1888-02-29,77.9448465772275
1888-03-31,75.93734286257691
1888-04-30,66.52679925130808
1888-05-31,61.277179916287174
1888-06-30,71.67322392011988
1888-07-31,77.40904132745506
1888-08-31,69.53161490616405
1888-09-30,64.2488121073404
1888-10-31,63.29313334388531
1888-11-30,64.00787766800103
1888-12-31,67.23654838947893
1889-01-31,68.80665953872631
1889-02-28,73.63099081142856
1889-03-31,56.534072643918634
1889-04-30,65.37404775257933
1889-05-31,80.34131159751529
1889-06-30,65.52050608152392
1889-07-31,63.319042016059896
1889-08-31,85.21667565623389
1889-09-30,72.41244591763396
1889-10-31,86.9919093747949
1889-11-30,85.60534659243703
1889-12-31,53.768199433941945
1890-01-31,79.12983931765959
1890-02-28,85.52361445326541
1890-03-31,55.79041459789212
1890-04-30,88.57798864324319
1890-05-31,78.21859108120154
1890-06-30,77.79814351359454
1890-07-31,85.20370676459832
1890-08-31,75.82639193240378
1890-09-30,89.67101907190829
1890-10-31,75.98328737632842
1890-11-30,78.69002484337365
1890-12-31,88.91324834358909
1891-01-31,96.1745393646243
1891-02-28,97.51662399124712
1891-03-31,81.36177556185186
1891-04-30,90.94151997693322
1891-05-31,84.64327728224586
1891-06-30,73.80335988177157
1891-07-31,79.5159653164277
1891-08-31,96.58896037761107
1891-09-30,95.67980044115986
1891-10-31,68.0566319450123
1891-11-30,83.8572175190747
1891-12-31,99.42319951364469
1892-01-31,99.70658190613958
1892-02-29,88.27840494602957
1892-03-31,79.46803087137361
1892-04-30,116.79841993189343
1892-05-31,79.70098542663489
1892-06-30,71.55064061464867
1892-07-31,95.43362556627758
1892-08-31,112.16753942690099
1892-09-30,84.93661843902238
1892-10-31,86.0050229721693
1892-11-30,88.58888760287809
1892-12-31,99.90999593822075
1893-01-31,100.70916548903547
1893-02-28,65.74048437673332
1893-03-31,102.29799793352952
1893-04-30,84.75016208041743
1893-05-31,80.00880717386485
1893-06-30,94.95910422264679
1893-07-31,99.5147354839815
1893-08-31,83.92296664903235
1893-09-30,88.22953007105748
1893-10-31,87.21457054878033
1893-11-30,87.84995473397295
1893-12-31,88.4934303415925
1894-01-31,92.21685390760024
1894-02-28,84.36609209427735
1894-03-31,96.14482643969967
1894-04-30,72.66380935484402
1894-05-31,87.20626391356627
1894-06-30,102.3992314855742
1894-07-31,107.25564184500871
1894-08-31,87.27083634796499
1894-09-30,76.17731586358583
1894-10-31,59.05435313314895
1894-11-30,114.33047030577218
1894-12-31,88.62085451319389
1895-01-31,84.537022013508
1895-02-28,79.54071057298941
1895-03-31,85.94902996963343
1895-04-30,104.23126112694476
1895-05-31,78.70661674633317
1895-06-30,84.5239290932678
1895-07-31,71.0367071411281
1895-08-31,97.77665524591313
1895-09-30,64.92345891678005
1895-10-31,91.3298595975203
1895-11-30,86.64354506059607
1895-12-31,89.95459014442787
1896-01-31,91.71698523962392
1896-02-29,83.81659147550882
1896-03-31,86.12249127128457
1896-04-30,73.73092403077548
1896-05-31,79.82750367944602
1896-06-30,74.42900477394706
1896-07-31,94.82058510610254
1896-08-31,71.49056685508488
1896-09-30,87.74448989394686
1896-10-31,84.26671062377234
1896-11-30,97.78246718551756
1896-12-31,72.16887255568624
1897-01-31,65.9345717248186
1897-02-28,83.19880286531016
1897-03-31,92.27768779431118
1897-04-30,71.3015252834663
1897-05-31,71.67223395668512
1897-06-30,63.16412975097094
1897-07-31,51.72439551332213
1897-08-31,89.69621840185424
1897-09-30,88.28975093819378
1897-10-31,62.517432930652824
1897-11-30,85.30152640113292
1897-12-31,59.82734507541986
1898-01-31,71.62571966204153
1898-02-28,61.36298111164488
1898-03-31,68.62944550293672
1898-04-30,53.226345124160176
1898-05-31,75.55168952898896
1898-06-30,69.42746841633323
1898-07-31,74.11179081401943
1898-08-31,68.72890047680309
1898-09-30,74.68009474766929
1898-10-31,72.90498060562992
1898-11-30,79.94323720745012
1898-12-31,72.69302531343304
1899-01-31,64.98328236428812
1899-02-28,63.20109324039029
1899-03-31,47.0001679907369
1899-04-30,67.09153144352224
1899-05-31,51.324128874108936
1899-06-30,54.381379809150964
1899-07-31,59.684994965219886
1899-08-31,58.62763829246134
1899-09-30,62.64274576318707
1899-10-31,39.179820709802414
1899-11-30,44.76846161528915
1899-12-31,50.628309049286656
1900-01-31,41.132358995782106
1900-02-28,42.397948350445475
1900-03-31,44.15268900386864
1900-04-30,52.6880305370294
1900-05-31,60.57230304054247
1900-06-30,40.82127606943961
1900-07-31,50.537557445341974
1900-08-31,67.23907287617637
1900-09-30,50.53386400002492
1900-10-31,38.483443472820355
1900-11-30,53.073299628632746
1900-12-31,47.61464772595422
1901-01-31,46.295008010674636
1901-02-28,51.013662916464824
1901-03-31,33.84269716277112
1901-04-30,45.494064699723424
1901-05-31,52.80216651974612
1901-06-30,43.58540738954403
1901-07-31,42.68750950660529
1901-08-31,55.22594955752353
1901-09-30,50.19155688023097
1901-10-31,38.27441175926312
1901-11-30,39.596043650361736
1901-12-31,22.315019011459643
1902-01-31,66.98297539212938
1902-02-28,41.78534305848956
1902-03-31,27.427382397057237
1902-04-30,60.02062508202787
1902-05-31,32.137149512068554
1902-06-30,12.10924866292303
1902-07-31,26.828634121081983
1902-08-31,25.140195546927508
1902-09-30,42.99817264382001
1902-10-31,26.709240142363708
1902-11-30,27.65458237521707
1902-12-31,17.42835330933174
1903-01-31,40.13818336164441
1903-02-28,26.49552272294492
1903-03-31,16.900434826132276
1903-04-30,26.420554078090916
1903-05-31,15.341343292136884
1903-06-30,22.91178885959671
1903-07-31,29.702735586928736
1903-08-31,30.123668907933663
1903-09-30,26.509136221834982
1903-10-31,18.10495009021875
1903-11-30,15.464375103606269
1903-12-31,19.79026548713046
1904-01-31,23.31908856329548
1904-02-29,31.67868909486069
1904-03-31,37.07055182493025
1904-04-30,33.319859598384625
1904-05-31,33.52932467009275
1904-06-30,11.516597908845078
1904-07-31,13.966256527325594
1904-08-31,5.44545972485016
1904-09-30,15.78697526042312
1904-10-31,19.807765047069594
1904-11-30,16.58514643959462
1904-12-31,28.701011824068758
1905-01-31,17.430700050997945
1905-02-28,7.832656799782364
1905-03-31,25.19034502646295
1905-04-30,22.83105655683763
1905-05-31,17.863216650311838
1905-06-30,19.782941087618163
1905-07-31,-0.3158282179176499
1905-08-31,-4.349781035167151
1905-09-30,16.966943433012066
1905-10-31,18.86531084506459
1905-11-30,19.226066620352306
1905-12-31,-1.5664224967622644
1906-01-31,9.345383660671272
1906-02-28,5.189301094290577
1906-03-31,16.718957615659715
1906-04-30,16.85684998442943
1906-05-31,5.278032046879277
1906-06-30,-5.434003337639481
1906-07-31,6.211717151407399
1906-08-31,13.358414821632952
1906-09-30,20.30215631116963
1906-10-31,-3.2737346139894505
1906-11-30,-6.5540687874239545
1906-12-31,7.682022749609018
1907-01-31,17.225091031660256
1907-02-28,23.140814834532925
1907-03-31,5.630400302440871
1907-04-30,18.372288183515263
1907-05-31,18.058060447111785
1907-06-30,-8.991367540389476
1907-07-31,5.710425402626132
1907-08-31,23.260758418956442
1907-09-30,7.928622808981913
1907-10-31,5.884921933927683
1907-11-30,19.923251476887177
1907-12-31,14.897654089823966
1908-01-31,29.888249249241838
1908-02-29,14.366309943250045
1908-03-31,20.947835720647802
1908-04-30,4.010935841157532
1908-05-31,17.78372959262534
1908-06-30,-1.4985845885160192
1908-07-31,21.52591977649268
1908-08-31,-11.484313894805389
1908-09-30,-3.301008693640364
1908-10-31,18.117868203683756
1908-11-30,29.804191599296125
1908-12-31,17.652260241050367
1909-01-31,20.46538753797426
1909-02-28,12.699717615995247
1909-03-31,17.136092304810628
1909-04-30,4.685548946656382
1909-05-31,19.61611920781727
1909-06-30,-7.0469787147250855
1909-07-31,11.812520038161676
1909-08-31,20.198687680874457
1909-09-30,18.580298933073582
1909-10-31,21.09107042812033
1909-11-30,23.019376203191413
1909-12-31,21.930128742617057
1910-01-31,12.079692942509642
1910-02-28,21.255346641628478
1910-03-31,22.121937864165197
1910-04-30,14.793679977528615
1910-05-31,23.067929249916936
1910-06-30,27.074830387705116
1910-07-31,15.723009837568357
1910-08-31,9.098378572952342
1910-09-30,28.1759455329865
1910-10-31,2.0278937994128974
1910-11-30,14.265125395550687
1910-12-31,23.824961054836322
1911-01-31,30.678420367716164
1911-02-28,16.59536870543264
1911-03-31,20.647387257059794
1911-04-30,25.57780888948498
1911-05-31,25.554288686002465
1911-06-30,12.932212177557135
1911-07-31,15.532845074659395
1911-08-31,25.707457933987868
1911-09-30,40.93570120904903
1911-10-31,41.52012273023889
1911-11-30,32.9735787774124
1911-12-31,34.80881557358662
1912-01-31,46.352249749251335
1912-02-29,23.26174426933309
1912-03-31,10.528326090327418
1912-04-30,53.44904795306233
1912-05-31,52.03057250008329
1912-06-30,28.86274318544296
1912-07-31,52.33712519735345
1912-08-31,37.30613057663419
1912-09-30,38.96227525479558
1912-10-31,44.17681402675031
1912-11-30,41.15151067151852
1912-12-31,33.71030749860811
1913-01-31,19.421104834843185
1913-02-28,37.86487279093582
1913-03-31,58.01402871440083
1913-04-30,31.88679149074735
1913-05-31,51.36936417794125
1913-06-30,37.33870899670157
1913-07-31,34.31629436788625
1913-08-31,61.489466686826695
1913-09-30,44.098155370482296
1913-10-31,70.28512581771926
1913-11-30,53.7451802288419
1913-12-31,49.07257427154759
1914-01-31,43.142209067480785
1914-02-28,60.24075886781366
1914-03-31,30.521284771933914
1914-04-30,39.3257845094384
1914-05-31,39.81579764697767
1914-06-30,52.823833845397104
1914-07-31,55.273225882356506
1914-08-31,52.545071207915335
1914-09-30,46.132774801830564
1914-10-31,64.56294666849816
1914-11-30,65.63288709010324
1914-12-31,59.59940099797989
1915-01-31,56.13172384114863
1915-02-28,37.824107577019774
1915-03-31,59.09553498860844
1915-04-30,53.218430826342775
1915-05-31,63.9001360605458
1915-06-30,55.764917034921226
1915-07-31,42.951705912139786
1915-08-31,50.85760941041988
1915-09-30,48.92369431612228
1915-10-31,68.71129928667068
1915-11-30,67.13935336408976
1915-12-31,79.24870144140587
1916-01-31,84.91558117476585
1916-02-29,57.55150808793163
1916-03-31,72.53947689800542
1916-04-30,67.44809741164526
1916-05-31,81.94463061394191
1916-06-30,58.719873015434075
1916-07-31,63.83603998507702
1916-08-31,67.89592859139513
1916-09-30,68.51131530761745
1916-10-31,88.82861102123495
1916-11-30,63.20910895492252
1916-12-31,79.52638308863148
1917-01-31,79.37573319435477
1917-02-28,76.57003024855948
1917-03-31,90.72195953463383
1917-04-30,75.1193259247707
1917-05-31,70.20849475802363
1917-06-30,69.54850534288883
1917-07-31,92.02872910582329
1917-08-31,85.87522763130741
1917-09-30,79.35819263639834
1917-10-31,84.5982576749974
1917-11-30,69.37149374498655
1917-12-31,80.04081797446777
1918-01-31,58.770227124486404
1918-02-28,85.28716256324235
1918-03-31,105.53570116543386
1918-04-30,82.94478413616756
1918-05-31,78.56119858692551
1918-06-30,85.62844046758593
1918-07-31,74.35143767118589
1918-08-31,86.41863228659729
1918-09-30,105.683922532021
1918-10-31,87.08941256848266
1918-11-30,85.11438170661175
1918-12-31,86.4878225424741
1919-01-31,85.00068649562299
1919-02-28,101.46161577294566
1919-03-31,82.35767996040863
1919-04-30,93.90549796453416
1919-05-31,104.745561296445
1919-06-30,103.86019875814345
1919-07-31,82.06359453898168
1919-08-31,79.87415778980679
1919-09-30,75.84656471580404
1919-10-31,98.24668596290029
1919-11-30,98.27272347377473
1919-12-31,73.57214049160292
1920-01-31,79.83591200726585
1920-02-29,92.8526163471214
1920-03-31,86.10382917579358
1920-04-30,99.16168617196047
1920-05-31,104.94087169886522
1920-06-30,79.4328827801151
1920-07-31,93.15796719225278
1920-08-31,90.8590255093486
1920-09-30,90.3874498852647
1920-10-31,91.7781333154219
1920-11-30,79.03423040007084
1920-12-31,85.5384662694392
1921-01-31,100.40053929083712
1921-02-28,91.28192454510202
1921-03-31,79.14546350358593
1921-04-30,95.92563459043366
1921-05-31,79.59140723600983
1921-06-30,68.77532211974899
1921-07-31,90.0934174950656
1921-08-31,87.68645261410708
1921-09-30,104.66322407642178
1921-10-31,69.59183327753759
1921-11-30,96.41059094853726
1921-12-31,98.73878929628853
1922-01-31,78.88911205191826
1922-02-28,78.88449723391763
1922-03-31,90.61477072250995
1922-04-30,87.47356401123173
1922-05-31,87.06728918667926
1922-06-30,85.75376789220587
1922-07-31,89.05700866721831
1922-08-31,87.9819581333681
1922-09-30,98.66915142872834
1922-10-31,73.99408463049123
1922-11-30,98.09495132226613
1922-12-31,84.84027079802757
1923-01-31,97.40937980003086
1923-02-28,91.3664303125929
1923-03-31,80.65663200254976
1923-04-30,85.61987705909078
1923-05-31,70.0128271374035
1923-06-30,78.63231438007459
1923-07-31,95.07796300210609
1923-08-31,81.76389197146499
1923-09-30,78.03929864794691
1923-10-31,84.85526352935071
1923-11-30,84.73422564758278
1923-12-31,72.79036641835455
1924-01-31,86.34899109900695
1924-02-29,69.62833660991885
1924-03-31,82.09153874241323
1924-04-30,78.32157354389453
1924-05-31,71.71080363587757
1924-06-30,90.6499984504858
1924-07-31,82.13168900161659
1924-08-31,73.16619339591044
1924-09-30,78.96673135735696
1924-10-31,75.2899160662213
1924-11-30,68.61106470211168
1924-12-31,72.29867911872304
1925-01-31,67.01488875542032
1925-02-28,56.52938957755489
1925-03-31,54.3626113393715
1925-04-30,71.28445489309941
1925-05-31,75.20926240852224
1925-06-30,71.32580420439483
1925-07-31,77.95326887313949
1925-08-31,85.04137946615431
1925-09-30,50.024889974382496
1925-10-31,73.33889827396379
1925-11-30,76.84366962400901
1925-12-31,75.77507781354998
1926-01-31,59.8143284415667
1926-02-28,64.75721384591192
1926-03-31,58.16671310163171
1926-04-30,76.5938672378618
1926-05-31,55.1476537322114
1926-06-30,60.82983389788702
1926-07-31,51.225951711090275
1926-08-31,56.86695658071317
1926-09-30,68.0499609561233
1926-10-31,48.89664182378724
1926-11-30,61.91922858379632
1926-12-31,68.52422922816126
1927-01-31,56.308559401798846
1927-02-28,60.20377672475242
1927-03-31,52.5462158898588
1927-04-30,55.857702896944325
1927-05-31,38.977549286481334
1927-06-30,45.940095278660024
1927-07-31,42.84016095979929
1927-08-31,46.134158792910455
1927-09-30,35.400176429404986
1927-10-31,27.06084900193989
1927-11-30,42.6989108595847
1927-12-31,44.14841985417549
1928-01-31,31.666633763463587
1928-02-29,62.43073907209653
1928-03-31,48.68640852886454
1928-04-30,41.05141862823088
1928-05-31,37.3930709641645
1928-06-30,32.61808300382472
1928-07-31,41.08199304643408
1928-08-31,39.997233284293074
1928-09-30,62.14356236813984
1928-10-31,39.112177750496144
1928-11-30,41.32827337345922
1928-12-31,37.97698810188815
1929-01-31,15.776944738056436
1929-02-28,46.814482203481475
1929-03-31,36.64016420162854
1929-04-30,47.08713248397867
1929-05-31,38.51107543631378
1929-06-30,19.65445309469764
1929-07-31,22.034093959595864
1929-08-31,30.261182137250785
1929-09-30,34.8803626472419
1929-10-31,22.51579576721892
1929-11-30,38.05643425576791
1929-12-31,7.732936846683071
1930-01-31,16.988031347654164
1930-02-28,22.509910263102913
1930-03-31,20.222413227206555
1930-04-30,19.929175774998328
1930-05-31,17.906571447080864
1930-06-30,10.368545648542646
1930-07-31,10.241748749521731
1930-08-31,25.499737382085005
1930-09-30,30.648060562479397
1930-10-31,26.593612150148648
1930-11-30,44.902820483553256
1930-12-31,36.83083984835727
1931-01-31,10.171622370595072
1931-02-28,12.151602073368785
1931-03-31,13.811581374551846
1931-04-30,20.42959934749314
1931-05-31,15.459793087110818
1931-06-30,17.448154700073456
1931-07-31,7.983635353235915
1931-08-31,18.452836524259144
1931-09-30,9.415115084318543
1931-10-31,14.96456056243265
1931-11-30,12.497232523992063
1931-12-31,14.399118550462397
1932-01-31,5.942920909853916
1932-02-29,21.39931399661303
1932-03-31,18.43273654807497
1932-04-30,18.97868417470732
1932-05-31,4.306267771751044
1932-06-30,8.272285263779704
1932-07-31,5.776319739645196
1932-08-31,17.55746459879805
1932-09-30,22.484193927492917
1932-10-31,8.762053870415166
1932-11-30,34.21374137671385
1932-12-31,16.481376149943497
1933-01-31,20.940794712822417
1933-02-28,40.22925944547718
1933-03-31,-6.616097211510972
1933-04-30,2.136336753977865
1933-05-31,8.429303051741865
1933-06-30,9.961641733765191
1933-07-31,13.120117225093963
1933-08-31,-3.7522192228763203
1933-09-30,10.983502373769406
1933-10-31,13.205211135479534
1933-11-30,12.762653303173336
1933-12-31,7.014924505625308
1934-01-31,20.038198770284843
1934-02-28,2.3554379727558956
1934-03-31,-18.86154251303141
1934-04-30,-3.3955888268289396
1934-05-31,10.627609942177173
1934-06-30,28.1205238021088
1934-07-31,6.624324042789759
1934-08-31,16.84337318753048
1934-09-30,17.515378062900787
1934-10-31,-1.0390174927329667
1934-11-30,23.161080192551992
1934-12-31,16.421374044647592
1935-01-31,15.460541575102102
1935-02-28,9.532227628735836
1935-03-31,19.864784534280957
1935-04-30,10.518057570445281
1935-05-31,7.33951209384155
1935-06-30,2.3265832554542882
1935-07-31,15.155700849713408
1935-08-31,0.4531230823771786
1935-09-30,12.96443608307197
1935-10-31,30.642332678952712
1935-11-30,-4.537722493717574
1935-12-31,19.23259954946675
1936-01-31,10.01676539658128
1936-02-29,36.17977970503282
1936-03-31,10.607240080285461
1936-04-30,3.0285834459758245
1936-05-31,12.709097349148461
1936-06-30,11.001952800829965
1936-07-31,11.644657784732688
1936-08-31,24.73273295739836
1936-09-30,6.285375725417362
1936-10-31,28.09790399155979
1936-11-30,12.147093209616218
1936-12-31,15.160597193526746
1937-01-31,18.030996667333614
1937-02-28,33.284654721755174
1937-03-31,24.055636829654922
1937-04-30,25.495938632542583
1937-05-31,19.904811672037404
1937-06-30,13.806699018617298
1937-07-31,9.739355296767988
1937-08-31,-4.59236551936678
1937-09-30,23.357026218868917
1937-10-31,28.273713179361085
1937-11-30,34.89402946087836
1937-12-31,23.43759747103214
1938-01-31,23.482076519887404
1938-02-28,11.583934376926617
1938-03-31,18.890628999062614
1938-04-30,37.07215054085025
1938-05-31,10.732182905992245
1938-06-30,12.975348728232216
1938-07-31,16.595804776890883
1938-08-31,18.447357694965884
1938-09-30,25.19082347105322
1938-10-31,29.741364188405726
1938-11-30,27.350509241766506
1938-12-31,45.14853707400151
1939-01-31,16.78743840545505
1939-02-28,27.4970277884102
1939-03-31,16.89509355081443
1939-04-30,41.97955528548367
1939-05-31,28.822119298213273
1939-06-30,55.69832323461241
1939-07-31,26.392990547635854
1939-08-31,10.609345000726314
1939-09-30,47.906981720451334
1939-10-31,23.05894691737401
1939-11-30,32.54072405032853
1939-12-31,37.16457135060025
1940-01-31,45.611822351846804
1940-02-29,34.651827232779866
1940-03-31,40.55751286355868
1940-04-30,41.32807399116821
1940-05-31,33.01312774048979
1940-06-30,28.722627983433743
1940-07-31,49.16971505316944
1940-08-31,48.08779552127491
1940-09-30,57.0895827036802
1940-10-31,45.78526363472213
1940-11-30,41.67531454181708
1940-12-31,48.781098190239206
1941-01-31,33.30342516599129
1941-02-28,48.44819070924311
1941-03-31,66.75916217790984
1941-04-30,67.08360710918357
1941-05-31,56.67638350831179
1941-06-30,23.30308370606547
1941-07-31,48.342984317528185
1941-08-31,64.53800594462231
1941-09-30,58.0066550169648
1941-10-31,59.8989042710325
1941-11-30,35.24569692239686
1941-12-31,63.260631428062766
1942-01-31,60.47006398838797
1942-02-28,45.98201679167483
1942-03-31,56.8657619249972
1942-04-30,58.0285432881659
1942-05-31,53.4975737460582
1942-06-30,58.88363293218047
1942-07-31,71.87785121942103
1942-08-31,57.36067196109909
1942-09-30,47.38205424126693
1942-10-31,57.58565205726075
1942-11-30,67.77154534862188
1942-12-31,72.95167792011785
1943-01-31,58.715891918574506
1943-02-28,84.17196031097797
1943-03-31,55.022832124308266
1943-04-30,60.66265757409832
1943-05-31,70.4922599880593
1943-06-30,54.35677141378304
1943-07-31,47.3101147933253
1943-08-31,75.66206808471652
1943-09-30,81.61484685635226
1943-10-31,84.10474903210219
1943-11-30,56.96225932087367
1943-12-31,72.82333673610687
1944-01-31,76.20491849069609
1944-02-29,80.47903104243991
1944-03-31,81.51289056152474
1944-04-30,65.99950395615639
1944-05-31,72.85958196671407
1944-06-30,78.4529850959727
1944-07-31,87.9938345954263
1944-08-31,87.50426634837632
1944-09-30,70.66303898017952
1944-10-31,61.23135677991539
1944-11-30,80.68542404440142
1944-12-31,82.13266592085508
1945-01-31,78.72953726953207
1945-02-28,96.7533458493764
1945-03-31,78.9729516183934
1945-04-30,62.52650205508578
1945-05-31,78.60723051714028
1945-06-30,84.29409322079488
1945-07-31,91.7341812136875
1945-08-31,78.43082486458768
1945-09-30,80.82796952877302
1945-10-31,75.77079083043188
1945-11-30,80.2390600352581
1945-12-31,78.58578903474185
1946-01-31,90.83140040763952
1946-02-28,92.24776264313314
1946-03-31,100.21764403539032
1946-04-30,97.31557202597823
1946-05-31,76.65866604752975
1946-06-30,92.23350229962966
1946-07-31,91.72621777623863
1946-08-31,84.060897956101
1946-09-30,88.82536407102954
1946-10-31,80.70440488838855
1946-11-30,80.54720532154332
1946-12-31,80.01629648003079
1947-01-31,98.36564467934363
1947-02-28,96.65272735951672
1947-03-31,77.83575475019211
1947-04-30,73.93266524303107
1947-05-31,90.49788045853433
1947-06-30,82.47588042319369
1947-07-31,85.45504548056589
1947-08-31,74.77527576022364
1947-09-30,74.59783322683745
1947-10-31,84.7192972664708
1947-11-30,86.2157188625948
1947-12-31,103.74145418579174
1948-01-31,102.14702249982811
1948-02-29,72.70956323786152
1948-03-31,116.19445479363964
1948-04-30,107.12936387058073
1948-05-31,90.30292518630132
1948-06-30,90.09968143221548
1948-07-31,88.80834828364583
1948-08-31,80.55541184866765
1948-09-30,85.46964470059608
1948-10-31,94.68730199900278
1948-11-30,110.43048840811252
1948-12-31,91.43312153582781
1949-01-31,88.94864254832284
1949-02-28,93.27084897080157
1949-03-31,95.87373510234673
1949-04-30,82.96781614183999
1949-05-31,86.53980153399299
1949-06-30,97.88960598989297
1949-07-31,76.32822359565208
1949-08-31,72.58310534807842
1949-09-30,84.45918415641482
1949-10-31,81.67167167337651
1949-11-30,76.00465106292049
1949-12-31,87.5228911252874
1950-01-31,88.7714802267503
1950-02-28,96.30353208364846
1950-03-31,109.10888823838451
1950-04-30,86.91321820001964
1950-05-31,98.06466405591758
1950-06-30,76.71330741014705
1950-07-31,78.02387080764011
1950-08-31,77.57591808606813
1950-09-30,86.52473501425331
1950-10-31,75.89000683180173
1950-11-30,87.5933697407417
1950-12-31,62.776390378460775
1951-01-31,83.23015426263318
1951-02-28,90.4130394473614
1951-03-31,81.99941500233388
1951-04-30,96.38082642862088
1951-05-31,58.92950062088188
1951-06-30,99.47938581594616
1951-07-31,62.45653565207522
1951-08-31,72.2858080522609
1951-09-30,95.58799224540851
1951-10-31,80.9060941651527
1951-11-30,88.57146808985203
1951-12-31,87.91897327380562
1952-01-31,94.05092701053744
1952-02-29,72.69456504917243
1952-03-31,82.47769563848131
1952-04-30,66.33262367695004
1952-05-31,71.03206955776342
1952-06-30,82.17490156302972
1952-07-31,70.568880317599
1952-08-31,72.55391600342705
1952-09-30,77.96482700674989
1952-10-31,63.08358973620489
1952-11-30,74.20006262547797
1952-12-31,59.375513719040164
1953-01-31,63.200739971763426
1953-02-28,48.23707587013866
1953-03-31,91.67109379028655
1953-04-30,79.70280675253201
1953-05-31,92.26726429961715
1953-06-30,56.31597269786573
1953-07-31,71.32960770643447
1953-08-31,56.183633638205286
1953-09-30,50.15417589446991
1953-10-31,64.65382732554093
1953-11-30,61.54854648734458
1953-12-31,50.0188285551922
1954-01-31,46.32453004625093
1954-02-28,42.08164922234096
1954-03-31,61.67259212615739
1954-04-30,46.92904642591114
1954-05-31,55.583841206842976
1954-06-30,56.0842533383974
1954-07-31,77.77942339751571
1954-08-31,70.9139352871325
1954-09-30,57.87057270043019
1954-10-31,46.809954431186426
1954-11-30,50.987559315100924
1954-12-31,38.261209247293614
1955-01-31,47.01008371525998
1955-02-28,71.81754505066758
1955-03-31,50.62393156664964
1955-04-30,41.50280341280374
1955-05-31,37.716492111407405
1955-06-30,54.332472504219204
1955-07-31,65.23111683609127
1955-08-31,43.91726150444485
1955-09-30,58.26573573625589
1955-10-31,33.54872153720781
1955-11-30,33.033785500459686
1955-12-31,45.944436943052644
1956-01-31,56.28208345957041
1956-02-29,43.19796837282499
1956-03-31,44.94032788828277
1956-04-30,32.38982567309621
1956-05-31,40.176170900207204
1956-06-30,47.647042282716136
1956-07-31,38.64132599358534
1956-08-31,38.29298676322774
1956-09-30,33.803333806795884
1956-10-31,39.81949291372899
1956-11-30,29.868125886801057
1956-12-31,30.549607464597273
1957-01-31,44.70112346958219
1957-02-28,24.67789361591563
1957-03-31,30.460388915225092
1957-04-30,22.24556210758051
1957-05-31,27.808634153693795
1957-06-30,31.941709836046634
1957-07-31,16.63279516055708
1957-08-31,13.071604070058427
1957-09-30,13.380104690200065
1957-10-31,25.628351410512106
1957-11-30,22.64833108648472
1957-12-31,31.06803600667116
1958-01-31,28.837643808280028
1958-02-28,48.23562289353492
1958-03-31,16.413351954136147
1958-04-30,30.680557363588253
1958-05-31,37.33644752880802
1958-06-30,30.960253955065802
1958-07-31,32.58431274191002
1958-08-31,24.544868947339516
1958-09-30,28.06879604200329
1958-10-31,23.945119256306675
1958-11-30,19.93854274941548
1958-12-31,7.43551868882021
1959-01-31,19.362968692128742
1959-02-28,8.939214337854011
1959-03-31,25.32422485326759
1959-04-30,36.40744873176006
1959-05-31,11.327727935243281
1959-06-30,25.93682663841004
1959-07-31,21.1666832105944
1959-08-31,9.067625859869969
1959-09-30,14.213667656363333
1959-10-31,1.7017899851822804
1959-11-30,43.537409511753935
1959-12-31,12.371126182693864
1960-01-31,18.25028678657494
1960-02-29,21.19096628064826
1960-03-31,7.154520135813334
1960-04-30,24.964568596999733
1960-05-31,3.0851912490142794
1960-06-30,7.210122386122801
1960-07-31,17.79770278274234
1960-08-31,28.396602791075576
1960-09-30,5.538510932789796
1960-10-31,1.2839726300647047
1960-11-30,13.28440678451335
1960-12-31,12.847541596714194
1961-01-31,32.407924348287196
1961-02-28,6.273110741918363
1961-03-31,14.003677041206497
1961-04-30,25.16008062431926
1961-05-31,17.045028821068723
1961-06-30,14.051037675942094
1961-07-31,37.392362187121634
1961-08-31,22.225618573602755
1961-09-30,21.787270056308788
1961-10-31,23.635009094818514
1961-11-30,19.591606084143258
1961-12-31,13.09811350213903
1962-01-31,8.491403645365882
1962-02-28,2.08665375419168
1962-03-31,35.91413281706565
1962-04-30,17.84023936594624
1962-05-31,8.34168332529553
1962-06-30,15.230386354370218
1962-07-31,4.980352686176378
1962-08-31,2.136666126031198
1962-09-30,8.512171395805955
1962-10-31,24.585852422300956
1962-11-30,3.074674332533885
1962-12-31,15.593434463127913
1963-01-31,4.936133454587982
1963-02-28,13.704268496685042
1963-03-31,23.416658254385034
1963-04-30,7.670041530876737
1963-05-31,16.53179126267732
1963-06-30,23.113342465763033
1963-07-31,12.919955037394686
1963-08-31,2.1097711246759694
1963-09-30,21.07103447090447
1963-10-31,18.735851726248974
1963-11-30,18.08942188095387
1963-12-31,-9.019112589016785
1964-01-31,23.21099951843839
1964-02-29,14.369217586091482
1964-03-31,-7.232584631833603
1964-04-30,9.753149556745587
1964-05-31,15.177995158443332
1964-06-30,9.826973925982118
1964-07-31,10.684904982407419
1964-08-31,14.091476813560828
1964-09-30,20.75229668887062
1964-10-31,15.457145827043039
1964-11-30,-4.166115555167551
1964-12-31,24.342570219100583
1965-01-31,10.66534646990204
1965-02-28,13.958301089953771
1965-03-31,15.685016652997634
1965-04-30,26.064262453883387
1965-05-31,12.341288561042663
1965-06-30,29.841023335084824
1965-07-31,25.26779736146523
1965-08-31,18.586628678660027
1965-09-30,16.056542191173975
1965-10-31,19.4548438163389
1965-11-30,18.980899689198832
1965-12-31,18.39021294878483
1966-01-31,33.15923045074138
1966-02-28,25.587826371917206
1966-03-31,31.130314257074026
1966-04-30,39.21117829732613
1966-05-31,22.671013538406434
1966-06-30,27.16953525420987
1966-07-31,21.603647479082685
1966-08-31,20.409515813575066
1966-09-30,29.471896300744763
1966-10-31,26.15494972223558
1966-11-30,29.81648181399224
1966-12-31,21.705235788532423
1967-01-31,36.882864366213305
1967-02-28,26.241261805835727
1967-03-31,29.54718960078045
1967-04-30,43.91040144447424
1967-05-31,48.03017115548575
1967-06-30,36.95908054401423
1967-07-31,42.723363564259046
1967-08-31,29.623519200246555
1967-09-30,38.3945330583801
1967-10-31,44.998079825473454
1967-11-30,45.53774292940964
1967-12-31,49.55947167208308
1968-01-31,33.43594933294519
1968-02-29,49.01856236741485
1968-03-31,45.99373713005018
1968-04-30,46.27653371257891
1968-05-31,56.40700418830902
1968-06-30,45.24357262484526
1968-07-31,29.82489691684946
1968-08-31,50.699484384608674
1968-09-30,56.42068788202021
1968-10-31,57.77211351439725
1968-11-30,55.58743896193251
1968-12-31,36.11634957711772
1969-01-31,40.69842884459956
1969-02-28,61.91622318884295
1969-03-31,57.080431177148455
1969-04-30,51.65444167481935
1969-05-31,60.6882345428032
1969-06-30,53.73034100294445
1969-07-31,57.50641857531191
1969-08-31,52.40423518855806
1969-09-30,46.6915987697038
1969-10-31,55.57519931556702
1969-11-30,30.113938632605205
1969-12-31,68.82565761915862
1970-01-31,60.838343008084706
1970-02-28,56.08934774792522
1970-03-31,79.95859539102509
1970-04-30,55.69751810372571
1970-05-31,67.67890272269231
1970-06-30,65.39211618823617
1970-07-31,76.99069656709334
1970-08-31,73.11764506606346
1970-09-30,82.13879138170721
1970-10-31,80.86275895036682
1970-11-30,57.29430270814019
1970-12-31,67.96019529270116
1971-01-31,69.51778001775725
1971-02-28,84.69151275032075
1971-03-31,78.86801272953073
1971-04-30,66.81588829062905
1971-05-31,64.24822622721747
1971-06-30,62.58450099704354
1971-07-31,65.8274312593037
1971-08-31,90.01333616776526
1971-09-30,60.89158077445975
1971-10-31,71.98986764010536
1971-11-30,66.00333940091332
1971-12-31,88.27516683652637
1972-01-31,60.42326797105622
1972-02-29,66.21508279174381
1972-03-31,75.50095201520271
1972-04-30,70.92177253621007
1972-05-31,83.19271110414667
1972-06-30,65.60354957988301
1972-07-31,71.20928808784487
1972-08-31,96.61658858705701
1972-09-30,89.7785581988348
1972-10-31,84.27368615068673
1972-11-30,80.75949739498618
1972-12-31,84.61046674140995
1973-01-31,81.91570866886592
1973-02-28,79.89844890689608
1973-03-31,86.90426293317842
1973-04-30,92.79967423956472
1973-05-31,79.15264822831743
1973-06-30,79.46730620720828
1973-07-31,87.45839606253215
1973-08-31,79.45584671863762
1973-09-30,81.27848686949682
1973-10-31,87.61618210146753
1973-11-30,93.50626584959517
1973-12-31,102.61992741328778
1974-01-31,83.55743260864614
1974-02-28,111.86792347566798
1974-03-31,84.4241253878228
1974-04-30,87.58736918943495
1974-05-31,87.85046802013083
1974-06-30,81.39607573378672
1974-07-31,89.55406295940325
1974-08-31,84.6101352415214
1974-09-30,92.48962364594726
1974-10-31,78.83120482161604
1974-11-30,83.70873335699461
1974-12-31,93.55607831621415
1975-01-31,101.58366964804331
1975-02-28,83.39653172301236
1975-03-31,88.90943015835528
1975-04-30,104.130285158114
1975-05-31,82.5618899185085
1975-06-30,84.42597192491289
1975-07-31,81.76486473745142
1975-08-31,106.98697448949683
1975-09-30,79.26317314164052
1975-10-31,87.44288856649301
1975-11-30,105.73595690562229
1975-12-31,90.97097120956481
1976-01-31,89.8772941476182
1976-02-29,89.9799858142183
1976-03-31,64.95840172680225
1976-04-30,89.87322265285708
1976-05-31,91.12595033926027
1976-06-30,82.58558674629857
1976-07-31,74.97881695837604
1976-08-31,95.83102719132579
1976-09-30,96.68785449671996
1976-10-31,102.59775039644263
1976-11-30,93.26580657967
1976-12-31,82.39162290475342
1977-01-31,80.14899838524195
1977-02-28,90.06238103657054
1977-03-31,87.63041163932223
1977-04-30,103.96189873550051
1977-05-31,101.71868208121549
1977-06-30,80.20466436817676
1977-07-31,97.76080324438162
1977-08-31,87.34667107106783
1977-09-30,79.39724145068023
1977-10-31,79.74195810372647
1977-11-30,81.16545533827832
1977-12-31,89.17240762358178
1978-01-31,85.30522259440272
1978-02-28,87.81465299372793
1978-03-31,90.00481681292331
1978-04-30,61.8773467198721
1978-05-31,89.890767189066
1978-06-30,92.29793243003103
1978-07-31,91.49922160391141
1978-08-31,82.021400842524
1978-09-30,66.4512714974247
1978-10-31,87.91687613249373
1978-11-30,83.5632372804661
1978-12-31,79.55662385594289
1979-01-31,107.36739085702673
1979-02-28,79.6102950900267
1979-03-31,82.11085709977387
1979-04-30,58.909883196780825
1979-05-31,73.82772333500317
1979-06-30,55.61328773635323
1979-07-31,91.67365939625725
1979-08-31,74.485147303516
1979-09-30,72.68905385896144
1979-10-31,70.38047414204689
1979-11-30,64.94507331729517
1979-12-31,74.62355947630203
1980-01-31,65.12159709895717
1980-02-29,59.44430796931686
1980-03-31,89.89617204890156
1980-04-30,98.16953472490508
1980-05-31,80.8775230131449
1980-06-30,66.13498031426388
1980-07-31,70.79169407391385
1980-08-31,58.127689585443136
1980-09-30,67.32298103650649
1980-10-31,56.70349136327785
1980-11-30,69.1236555233317
1980-12-31,82.18333147268444
1981-01-31,78.92942972303989
1981-02-28,54.02083337577454
1981-03-31,62.536318628704194
1981-04-30,65.48066340292557
1981-05-31,55.494984506306224
1981-06-30,67.79412917621836
1981-07-31,76.92944451129694
1981-08-31,68.22793412879057
1981-09-30,51.50889700842987
1981-10-31,72.09904992779562
1981-11-30,55.22948374693781
1981-12-31,59.15530626857548
1982-01-31,59.424451919302456
1982-02-28,51.84350024085484
1982-03-31,48.1303630488778
1982-04-30,44.82503581853118
1982-05-31,53.16034115914307
1982-06-30,46.87236673764077
1982-07-31,53.40138724569134
1982-08-31,57.812259134911905
1982-09-30,37.33396835680376
1982-10-31,49.07529965656726
1982-11-30,53.367574654515344
1982-12-31,28.856932864044342
1983-01-31,53.113506072746844
1983-02-28,25.91576700808024
1983-03-31,59.191813984000746
1983-04-30,61.838880452877305
1983-05-31,33.76995210369654
1983-06-30,42.538898921517074
1983-07-31,33.366924302397834
1983-08-31,43.14199266007628
1983-09-30,50.843667996538784
1983-10-31,30.227336093441778
1983-11-30,45.0912144918795
1983-12-31,44.142549998136246
1984-01-31,54.640961919901926
1984-02-29,43.57286624084651
1984-03-31,27.525906023624536
1984-04-30,38.656424668514106
1984-05-31,24.40623941896304
1984-06-30,33.24055468486092
1984-07-31,38.080381644604245
1984-08-31,27.22766723509076
1984-09-30,30.87692226067597
1984-10-31,29.481409120452497
1984-11-30,24.78422216785861
1984-12-31,12.682607984693288
1985-01-31,37.76288647874711
1985-02-28,15.254262943002526
1985-03-31,16.533208236590376
1985-04-30,24.619691585126738
1985-05-31,31.497777663984593
1985-06-30,32.128895521875954
1985-07-31,47.53481795187261
1985-08-31,19.16054779364919
1985-09-30,25.023412891213628
1985-10-31,14.602692450243755
1985-11-30,40.94136357718782
1985-12-31,35.298669534371534
1986-01-31,35.52616896954658
1986-02-28,20.281890990788714
1986-03-31,27.98753848969058
1986-04-30,30.58768577246617
1986-05-31,28.049879413990105
1986-06-30,10.735225425662403
1986-07-31,26.39392742178062
1986-08-31,34.69328629323926
1986-09-30,10.836797481113656
1986-10-31,19.695777834955482
1986-11-30,31.83856474140034
1986-12-31,32.50005983266584
1987-01-31,10.036766414577148
1987-02-28,23.678636203585068
1987-03-31,7.126465133325848
1987-04-30,13.29272715836217
1987-05-31,15.980279031427337
1987-06-30,3.380246335345138
1987-07-31,20.813157128724995
1987-08-31,2.106763183902448
1987-09-30,10.786378152519113
1987-10-31,8.76085876171134
1987-11-30,-9.53395343646805
1987-12-31,-4.586242228247979
1988-01-31,8.48087082696547
1988-02-29,1.9179359558153628
1988-03-31,35.90835561809945
1988-04-30,16.24910622940118
1988-05-31,-10.044753696907293
1988-06-30,-0.9921083679598528
1988-07-31,-16.714789688952614
1988-08-31,11.53521451947082
1988-09-30,10.06117616095591
1988-10-31,12.085047460439231
1988-11-30,16.92620215032457
1988-12-31,3.5710528700853015
1989-01-31,-0.04050718903166839
1989-02-28,3.727523199452702
1989-03-31,-12.374054034605763
1989-04-30,3.1946633297541274
1989-05-31,19.12561514322835
1989-06-30,-1.6832750163928978
1989-07-31,5.420976694731437
1989-08-31,25.00242494963652
1989-09-30,4.839308204765724
1989-10-31,12.350769748867707
1989-11-30,24.865326794439945
1989-12-31,11.760920499837912
1990-01-31,-4.515454491061551
1990-02-28,-0.2449071447502824
1990-03-31,12.013421528763637
1990-04-30,9.156010855095227
1990-05-31,10.926241599385406
1990-06-30,-2.6369706192490945
1990-07-31,-0.4772130409918631
1990-08-31,8.996228615918298
1990-09-30,17.29565530591468
1990-10-31,24.53507751194509
1990-11-30,21.03827871826021
1990-12-31,11.063395135986598
1991-01-31,5.714934911700568
1991-02-28,7.562803582006609
1991-03-31,20.566731062223102
1991-04-30,23.467551006358928
1991-05-31,15.05636270194847
1991-06-30,6.4588746105580785
1991-07-31,20.779565924132818
1991-08-31,18.051593411225344
1991-09-30,25.158645140024234
1991-10-31,24.411847555424465
1991-11-30,12.001951375624468
1991-12-31,30.902064013911872
1992-01-31,29.059982711735586
1992-02-29,39.01344675423219
1992-03-31,12.19400857551448
1992-04-30,18.50256307613685
1992-05-31,13.31701123581566
1992-06-30,27.007102660832956
1992-07-31,21.99755940185863
1992-08-31,1.747727120586017
1992-09-30,7.246969274579341
1992-10-31,5.391154120902687
1992-11-30,11.161419422548105
1992-12-31,9.469639028693184
1993-01-31,7.4942434471631145
1993-02-28,22.014966295365102
1993-03-31,20.40992720179084
1993-04-30,23.107245860218942
1993-05-31,24.959006001035018
1993-06-30,17.55005646740856
1993-07-31,34.31763731699062
1993-08-31,18.977826785525288
1993-09-30,8.350109893955953
1993-10-31,33.06640812594199
1993-11-30,15.297635373758844
1993-12-31,48.61146164372043
1994-01-31,30.62851293324924
1994-02-28,23.91203238296023
1994-03-31,27.874151862331495
1994-04-30,30.744505570490336
1994-05-31,53.91320927758899
1994-06-30,30.64527066368786
1994-07-31,49.32317214601247
1994-08-31,31.45019221338271
1994-09-30,41.01416226580873
1994-10-31,36.35505263112604
1994-11-30,28.651412745094362
1994-12-31,37.058208155247605
1995-01-31,38.885191933650354
1995-02-28,40.31424375585378
1995-03-31,34.65503930317939
1995-04-30,35.37883725539679
1995-05-31,53.539735960123096
1995-06-30,39.13500140879033
1995-07-31,56.5585297115465
1995-08-31,49.70157875660735
1995-09-30,29.224723824436253
1995-10-31,43.491542417081014
1995-11-30,44.73926402313351
1995-12-31,52.4548294411459
1996-01-31,48.58509452580958
1996-02-29,40.931375604754884
1996-03-31,37.022757020715694
1996-04-30,56.09414747802891
1996-05-31,64.77650754257934
1996-06-30,63.811103991353804
1996-07-31,51.54361204714904
1996-08-31,74.21165031691028
1996-09-30,77.97789473571756
1996-10-31,55.28633985721351
1996-11-30,36.63007474275653
1996-12-31,44.45068263006243
1997-01-31,44.63194117449369
1997-02-28,57.82323650579111
1997-03-31,57.87035263098116
1997-04-30,53.85509733574563
1997-05-31,52.436794071528375
1997-06-30,62.91878576543017
1997-07-31,75.83080170832251
1997-08-31,69.36902619633146
1997-09-30,54.97146958547804
1997-10-31,58.769297758819725
1997-11-30,59.92232432260488
1997-12-31,58.318452521201486
1998-01-31,76.5208737361177
1998-02-28,73.21164736435696
1998-03-31,43.76746633567896
1998-04-30,73.71415395511633
1998-05-31,73.60009997828752
1998-06-30,78.24288698567352
1998-07-31,69.10790595287409
1998-08-31,64.38593602842677
1998-09-30,72.76346724296785
1998-10-31,70.42190795087497
1998-11-30,69.4030607763495
1998-12-31,71.58848498780833
